{"type":"FeatureCollection","meta":{"tile":"t-22e148","built":"2026-08-25"},"features":[{"type":"Feature","geometry":{"type":"Polygon","coordinates":[[[146.0059,-16.1186],[146.1743,-16.3771],[146.1743,-16.5164],[146.259,-16.6253],[146.3529,-16.6253],[146.389,-16.6727],[146.2366,-16.6727],[146.2366,-16.78],[146.16,-16.78],[146.1599,-16.9201],[146.1103,-16.9679],[146.0124,-16.9679],[146.0124,-17.0327],[146.0903,-17.1601],[146.2677,-17.1601],[146.2675,-17.2137],[146.1277,-17.2137],[146.1277,-17.2866],[146.2207,-17.4],[146.3407,-17.4],[146.3407,-17.5397],[146.3606,-17.5595],[146.387,-17.5776],[146.3974,-17.6113],[146.3837,-17.6463],[146.3685,-17.6511],[146.3685,-17.6696],[146.3798,-17.6818],[146.3661,-17.7236],[146.3661,-17.7448],[146.3995,-17.7608],[146.434,-17.822],[146.457,-17.87],[146.5188,-17.9204],[146.6187,-17.9204],[146.6381,-17.9004],[146.6381,-17.8811],[146.6806,-17.8811],[146.72,-17.9467],[146.72,-18.18],[146.6266,-18.2156],[146.6266,-18.2333],[146.64,-18.26],[146.66,-18.28],[146.7,-18.28],[146.7,-18.3633],[146.6818,-18.3633],[146.6558,-18.375],[146.6558,-18.3918],[146.6694,-18.423],[146.6867,-18.4381],[146.7276,-18.4554],[146.7445,-18.4554],[146.7788,-18.42],[146.8431,-18.42],[146.9,-18.385],[146.971,-18.385],[146.971,-18.4645],[146.9865,-18.4864],[147.0194,-18.54],[147.1396,-18.58],[147.2466,-18.5641],[147.2466,-18.4853],[147.35,-18.4853],[147.3722,-18.5412],[147.3722,-18.6426],[147.5,-18.74],[147.5,-18.8268],[147.5931,-18.8268],[147.6708,-18.9042],[147.6708,-18.9658],[147.6925,-18.9903],[147.7251,-18.9903],[147.8201,-18.9531],[147.8201,-18.92],[147.7236,-18.8239],[147.8473,-18.8239],[147.8473,-18.8852],[147.86,-18.92],[147.9,-18.96],[147.96,-18.96],[148.0001,-19],[148.0562,-19],[148.0562,-19.0999],[148.08,-19.0999],[148.08,-19.2],[147.7994,-19.2],[147.7994,-19.3453],[147.845,-19.3453],[147.845,-19.371],[147.8746,-19.371],[147.8746,-19.3873],[147.9793,-19.4396],[148.1504,-19.4396],[148.1504,-19.25],[148.27,-19.25],[148.4858,-19.2583],[148.6202,-19.3596],[148.6303,-19.4502],[148.7301,-19.54],[148.8701,-19.55],[148.92,-19.55],[148.92,-19.5878],[149.1328,-19.5878],[149.21,-19.62],[149.14,-19.72],[149.14,-19.732],[149.0563,-19.7813],[149.0561,-19.8294],[148.8575,-19.8294],[148.8575,-19.6747],[148.7503,-19.6202],[148.5013,-19.6202],[148.5013,-19.9248],[148.55,-19.9474],[148.55,-20],[148.57,-20],[148.625,-20.0541],[148.8401,-20.0541],[148.8401,-20.1],[148.76,-20.22],[148.7531,-20.22],[148.7531,-20.2349],[148.7513,-20.2441],[148.7533,-20.2579],[148.7527,-20.2614],[148.7516,-20.2606],[148.753,-20.2623],[148.7517,-20.2613],[148.7501,-20.2628],[148.7475,-20.2624],[148.7409,-20.2587],[148.7399,-20.253],[148.7339,-20.2535],[148.6803,-20.231],[148.6713,-20.2381],[148.6706,-20.2441],[148.6683,-20.2471],[148.6633,-20.2473],[148.6627,-20.2375],[148.6679,-20.2353],[148.6681,-20.2317],[148.6614,-20.2213],[148.6605,-20.217],[148.6634,-20.2136],[148.6657,-20.2037],[148.6725,-20.1952],[148.6767,-20.1931],[148.6781,-20.187],[148.6769,-20.1757],[148.6736,-20.1817],[148.6764,-20.1851],[148.6765,-20.1882],[148.673,-20.1917],[148.6677,-20.1935],[148.6664,-20.1994],[148.6606,-20.2014],[148.6612,-20.2068],[148.6531,-20.2166],[148.6478,-20.2156],[148.6449,-20.2125],[148.6481,-20.2026],[148.6459,-20.195],[148.6461,-20.1739],[148.6386,-20.1706],[148.6359,-20.1734],[148.6335,-20.1826],[148.6302,-20.1856],[148.628,-20.1905],[148.6293,-20.2001],[148.6338,-20.2099],[148.6336,-20.2162],[148.63,-20.2198],[148.6258,-20.2194],[148.624,-20.2166],[148.6202,-20.2155],[148.6182,-20.2162],[148.6161,-20.2208],[148.6141,-20.221],[148.6116,-20.2162],[148.6047,-20.2137],[148.6015,-20.2105],[148.6044,-20.2066],[148.6037,-20.2024],[148.6131,-20.194],[148.6201,-20.1771],[148.6131,-20.1829],[148.6083,-20.184],[148.5976,-20.2011],[148.5898,-20.1993],[148.5854,-20.1958],[148.5823,-20.1965],[148.5817,-20.1902],[148.5835,-20.1809],[148.5868,-20.1774],[148.5931,-20.1757],[148.5977,-20.1678],[148.5951,-20.16],[148.6201,-20.16],[148.6201,-20.12],[148.6001,-20.12],[148.5918,-20.1529],[148.5797,-20.1275],[148.5674,-20.1133],[148.58,-20.1133],[148.5801,-20.0899],[148.5656,-20.09],[148.5601,-20.1062],[148.555,-20.1061],[148.5535,-20.1027],[148.5567,-20.0994],[148.5532,-20.0943],[148.5594,-20.091],[148.5611,-20.0885],[148.5607,-20.085],[148.5662,-20.0818],[148.5641,-20.0777],[148.5661,-20.0757],[148.5613,-20.0709],[148.5636,-20.067],[148.5563,-20.0659],[148.5535,-20.0691],[148.5563,-20.072],[148.556,-20.0737],[148.5467,-20.0731],[148.5454,-20.0753],[148.5406,-20.0763],[148.5398,-20.0788],[148.5369,-20.0788],[148.5302,-20.0847],[148.5146,-20.0768],[148.4832,-20.0458],[148.4832,-19.9958],[148.4665,-19.9791],[148.4665,-19.9666],[148.4457,-19.9666],[148.4331,-19.9791],[148.4331,-20.025],[148.4373,-20.0458],[148.4539,-20.0558],[148.4539,-20.0603],[148.3277,-20.0735],[148.3077,-20.0418],[148.3077,-20.0118],[148.2746,-20.0118],[148.2728,-20.006],[148.2659,-20.0002],[148.2661,-19.9943],[148.2681,-19.9924],[148.2663,-19.9901],[148.2679,-19.9885],[148.2671,-19.9846],[148.2645,-19.9838],[148.2602,-19.9745],[148.257,-19.9851],[148.241,-19.9848],[148.2323,-19.9769],[148.2266,-19.9658],[148.2216,-19.9641],[148.2233,-19.9594],[148.2213,-19.957],[148.2079,-19.9503],[148.2062,-19.9515],[148.1992,-19.9475],[148.1938,-19.949],[148.1963,-19.9501],[148.1939,-19.9516],[148.1912,-19.9494],[148.1789,-19.9469],[148.1731,-19.9504],[148.173,-19.9485],[148.1699,-19.9478],[148.1708,-19.9499],[148.1692,-19.9515],[148.1637,-19.95],[148.1631,-19.9484],[148.1492,-19.9452],[148.1458,-19.9452],[148.142,-19.9475],[148.141,-19.9448],[148.1364,-19.9465],[148.1254,-19.9428],[148.1206,-19.9423],[148.1203,-19.9447],[148.1077,-19.9385],[148.1077,-19.8452],[148.036,-19.8452],[148.036,-19.8913],[148.0265,-19.8937],[148.0198,-19.8994],[148.0181,-19.9019],[148.0174,-19.912],[148.0059,-19.9183],[148.0079,-19.9188],[148.0038,-19.92],[148.0053,-19.9204],[148.0011,-19.9241],[147.9961,-19.9265],[147.9939,-19.9251],[147.987,-19.9266],[147.9805,-19.9239],[147.908,-19.8437],[147.9,-19.7656],[147.8234,-19.6974],[147.7391,-19.6974],[147.7391,-19.7516],[147.5995,-19.7516],[147.5942,-19.7328],[147.5874,-19.7252],[147.5921,-19.7137],[147.5964,-19.7116],[147.5965,-19.7036],[147.6042,-19.6913],[147.6053,-19.6701],[147.6071,-19.6685],[147.6072,-19.6625],[147.598,-19.6486],[147.594,-19.6491],[147.5907,-19.6464],[147.5872,-19.6459],[147.5865,-19.6396],[147.5848,-19.64],[147.5826,-19.6369],[147.5738,-19.6323],[147.5729,-19.6287],[147.5751,-19.6272],[147.5772,-19.6279],[147.5791,-19.6235],[147.5764,-19.6097],[147.572,-19.6055],[147.572,-19.5976],[147.5738,-19.596],[147.5717,-19.5816],[147.5648,-19.5613],[147.551,-19.5334],[147.5457,-19.5261],[147.5445,-19.5265],[147.546,-19.5278],[147.5453,-19.5291],[147.5396,-19.5312],[147.5374,-19.526],[147.5299,-19.5167],[147.5289,-19.5128],[147.5185,-19.4987],[147.5174,-19.4911],[147.5142,-19.492],[147.5073,-19.4756],[147.4953,-19.4627],[147.4931,-19.4627],[147.4943,-19.4642],[147.4932,-19.4656],[147.4894,-19.467],[147.4877,-19.4658],[147.4803,-19.4491],[147.4804,-19.4478],[147.5215,-19.4478],[147.4724,-19.3646],[147.4121,-19.3],[147.378,-19.3],[147.378,-19.2667],[147.2614,-19.2667],[147.2614,-19.388],[147.1135,-19.388],[147.1081,-19.3804],[147.0868,-19.3642],[147.0726,-19.349],[147.0706,-19.3486],[147.0706,-19.3507],[147.0673,-19.3475],[147.0648,-19.3424],[147.0661,-19.34],[147.0498,-19.3067],[147.0455,-19.305],[147.0434,-19.3022],[147.0409,-19.302],[147.0403,-19.2929],[147.0491,-19.2924],[147.0491,-19.282],[147.0691,-19.282],[147.0691,-19.2625],[147.0772,-19.2625],[147.0772,-19.2526],[147.0691,-19.2526],[147.0761,-19.168],[147.012,-19.18],[146.8631,-19.2909],[146.8578,-19.2829],[147.001,-19.1267],[146.8943,-19.1266],[146.8873,-19.1125],[146.8873,-19.1001],[146.833,-19.1001],[146.833,-19.1048],[146.8023,-19.1155],[146.7975,-19.1137],[146.7914,-19.1159],[146.7897,-19.1151],[146.7872,-19.1217],[146.7813,-19.1237],[146.779,-19.1287],[146.7798,-19.1306],[146.6469,-19.1762],[146.6322,-19.1722],[146.6167,-19.1641],[146.6024,-19.1505],[146.6002,-19.1515],[146.5944,-19.1472],[146.5812,-19.145],[146.5708,-19.1461],[146.5631,-19.144],[146.5525,-19.1346],[146.545,-19.1213],[146.5333,-19.1157],[146.5167,-19.1008],[146.5142,-19.0998],[146.5126,-19.1017],[146.5056,-19.0988],[146.5012,-19.0998],[146.4961,-19.0986],[146.4909,-19.096],[146.481,-19.0865],[146.4774,-19.0804],[146.4708,-19.0756],[146.4551,-19.074],[146.4495,-19.0685],[146.4506,-19.0638],[146.4486,-19.0613],[146.4434,-19.0612],[146.4381,-19.0548],[146.4284,-19.0413],[146.4265,-19.0363],[146.4226,-19.0336],[146.4074,-19.0111],[146.4048,-19.0078],[146.4018,-19.0067],[146.4007,-19.0031],[146.3961,-18.9981],[146.3896,-18.9974],[146.3878,-18.9994],[146.3826,-18.9993],[146.3758,-18.9939],[146.3715,-18.9882],[146.3633,-18.9676],[146.3609,-18.9672],[146.3602,-18.9647],[146.3582,-18.9644],[146.3545,-18.9597],[146.3441,-18.9593],[146.3337,-18.9537],[146.3301,-18.9383],[146.3222,-18.9277],[146.3216,-18.9241],[146.3163,-18.9172],[146.3115,-18.9152],[146.305,-18.9066],[146.2995,-18.903],[146.2888,-18.8888],[146.2872,-18.8886],[146.285,-18.8833],[146.2846,-18.8743],[146.3626,-18.8743],[146.3626,-18.9281],[146.473,-18.9281],[146.473,-18.8519],[146.4468,-18.8519],[146.4468,-18.7495],[146.2878,-18.7495],[146.2889,-18.742],[146.2905,-18.7416],[146.2924,-18.7377],[146.3028,-18.7005],[146.3217,-18.6593],[146.3359,-18.6341],[146.337,-18.6272],[146.3323,-18.6207],[146.3357,-18.6161],[146.338,-18.6092],[146.3382,-18.6065],[146.3362,-18.604],[146.3368,-18.5957],[146.3408,-18.5785],[146.3896,-18.5785],[146.3928,-18.5639],[146.3924,-18.5474],[146.3944,-18.5358],[146.3935,-18.5178],[146.3914,-18.5102],[146.3846,-18.4985],[146.3363,-18.5129],[146.3296,-18.496],[146.3401,-18.496],[146.3401,-18.456],[146.3441,-18.444],[146.3681,-18.4312],[146.3681,-18.343],[146.3111,-18.343],[146.2931,-18.3175],[146.3007,-18.288],[146.3243,-18.2465],[146.331,-18.2399],[146.331,-18.216],[146.3767,-18.216],[146.3767,-18.127],[146.2306,-18.127],[146.1638,-18.1418],[146.013,-18.2132],[146.0098,-18.1883],[146.0073,-18.1806],[146.0075,-18.1624],[146.0092,-18.16],[146.006,-18.1409],[146.0063,-18.1276],[146.0099,-18.1164],[146.0209,-18.0976],[146.0255,-18.0925],[146.0261,-18.0857],[146.03,-18.0831],[146.0379,-18.0488],[146.0417,-18.0408],[146.0499,-18.0328],[146.1,-18.0328],[146.1913,-18.0571],[146.1913,-18.066],[146.2217,-18.066],[146.2217,-17.9922],[146.1994,-17.9922],[146.1702,-17.91],[146.1703,-17.7987],[146.1902,-17.7199],[146.1927,-17.6502],[146.171,-17.5818],[146.1183,-17.5818],[146.1026,-17.5702],[146.0793,-17.537],[146.079,-17.5307],[146.0698,-17.5232],[146.0696,-17.5118],[146.0774,-17.506],[146.0774,-17.4801],[146.0764,-17.477],[146.0733,-17.477],[146.0705,-17.4742],[146.0647,-17.461],[146.0639,-17.4547],[146.0658,-17.4348],[146.0697,-17.4186],[146.0914,-17.4186],[146.0914,-17.4009],[146.0724,-17.4009],[146.0724,-17.3945],[146.069,-17.392],[146.0672,-17.3878],[146.0611,-17.3845],[146.0556,-17.3874],[146.0513,-17.3854],[146.0431,-17.3753],[146.0358,-17.3607],[146.0196,-17.3456],[146.0056,-17.3147],[146.0008,-17.2916],[145.9987,-17.2894],[145.9968,-17.2819],[145.9962,-17.2742],[145.9832,-17.2497],[145.9794,-17.2473],[145.976,-17.2487],[145.9762,-17.2202],[145.9697,-17.2185],[145.97,-17.212],[145.9629,-17.1957],[145.9615,-17.1803],[145.9653,-17.1707],[145.9634,-17.1685],[145.9863,-17.1684],[145.9863,-17.1309],[145.9747,-17.1186],[145.9299,-17.1176],[145.9222,-17.1068],[145.9164,-17.0873],[145.9131,-17.0864],[145.9087,-17.0822],[145.9017,-17.0744],[145.8969,-17.0659],[145.8926,-17.0643],[145.891,-17.0599],[145.8905,-17.0377],[145.8963,-17.0149],[145.8996,-17.0078],[145.9063,-17.0078],[145.9632,-16.905],[145.9633,-16.8944],[145.929,-16.86],[145.915,-16.8601],[145.8494,-16.8702],[145.8493,-16.8185],[145.6941,-16.7753],[145.694,-16.74],[145.7,-16.734],[145.7,-16.722],[145.6273,-16.7048],[145.6212,-16.6992],[145.604,-16.6938],[145.5972,-16.6938],[145.5904,-16.6888],[145.582,-16.6872],[145.5737,-16.6705],[145.5709,-16.6595],[145.6176,-16.6595],[145.6176,-16.6371],[145.562,-16.566],[145.532,-16.5],[145.5321,-16.4583],[145.466,-16.4583],[145.461,-16.3509],[145.461,-16.3189],[145.5187,-16.3189],[145.5187,-16.2964],[145.4908,-16.274],[145.4908,-16.2374],[145.476,-16.2225],[145.476,-16.21],[145.461,-16.197],[145.454,-16.197],[145.454,-16.167],[145.461,-16.138],[145.481,-16.0809],[145.5595,-16.0809],[145.5595,-16.3392],[145.5423,-16.3392],[145.5423,-16.4142],[145.5791,-16.4533],[145.6802,-16.4532],[145.7235,-16.48],[145.84,-16.48],[145.86,-16.46],[145.86,-16.42],[145.9504,-16.3296],[145.9261,-16.3102],[145.9261,-16.1847],[145.8871,-16.164],[145.88,-16.1542],[145.88,-16.08],[145.9808,-16.08],[146.0059,-16.1186]],[[146.4751,-18.5611],[146.4751,-18.655],[146.4831,-18.673],[146.4915,-18.673],[146.4915,-18.6833],[146.505,-18.75],[146.505,-18.7916],[146.56,-18.7916],[146.56,-18.83],[146.5336,-18.82],[146.5183,-18.82],[146.5183,-18.8441],[146.53,-18.85],[146.54,-18.86],[146.56,-18.86],[146.56,-18.9017],[146.7268,-18.9017],[146.7268,-18.9504],[146.9951,-18.9504],[146.9951,-18.8297],[146.5511,-18.5333],[146.475,-18.5333],[146.4751,-18.5611]],[[145.965,-16.4512],[145.965,-16.5344],[145.94,-16.5344],[145.94,-16.56],[145.9,-16.64],[145.92,-16.7],[145.9373,-16.7],[145.9373,-16.7401],[145.961,-16.7761],[146,-16.8101],[146.04,-16.8101],[146.04,-16.7801],[146.0749,-16.7801],[146.1271,-16.7359],[146.1877,-16.6139],[146.0707,-16.3899],[146.021,-16.3899],[146.021,-16.4],[145.965,-16.4],[145.965,-16.4512]],[[147.5111,-19.2149],[147.5111,-19.3223],[147.6329,-19.3223],[147.6329,-19.4508],[147.7064,-19.4508],[147.7064,-19.2149],[147.5111,-19.2149]],[[146.56,-17.981],[146.5048,-18.034],[146.4894,-18.0642],[146.4894,-18.1106],[146.5041,-18.1244],[146.5269,-18.1286],[146.5764,-18.1041],[146.6393,-18.0422],[146.6393,-17.9598],[146.58,-17.9598],[146.58,-17.981],[146.56,-17.981]],[[147.0201,-18.65],[147.0401,-18.66],[147.0601,-18.66],[147.0901,-18.65],[147.0901,-18.61],[147.0201,-18.61],[147.0201,-18.65]],[[147.9165,-19.0083],[147.9165,-19.05],[147.9291,-19.0625],[147.954,-19.0625],[147.954,-19.025],[147.9373,-19.0083],[147.9165,-19.0083]],[[147.2732,-18.6108],[147.2732,-18.646],[147.3153,-18.646],[147.3153,-18.6108],[147.2732,-18.6108]],[[145.977,-16.929],[145.9854,-16.95],[146.02,-16.95],[146.02,-16.91],[145.996,-16.91],[145.977,-16.929]],[[147.08,-18.7],[147.0867,-18.7066],[147.1134,-18.7066],[147.1267,-18.7],[147.1267,-18.68],[147.1134,-18.6733],[147.1001,-18.6733],[147.08,-18.6867],[147.08,-18.7]],[[146.066,-17.2],[146.066,-17.238],[146.1,-17.238],[146.1,-17.2],[146.066,-17.2]],[[147.2481,-18.7551],[147.2636,-18.7659],[147.2757,-18.7659],[147.2997,-18.7423],[147.2762,-18.7259],[147.2481,-18.7465],[147.2481,-18.7551]],[[145.98,-16.31],[146,-16.33],[146.02,-16.31],[146.02,-16.29],[145.99,-16.29],[145.98,-16.3],[145.98,-16.31]],[[146.6483,-19.0347],[146.6422,-19.0164],[146.59,-19.0279],[146.5828,-19.0312],[146.5828,-19.0375],[146.5955,-19.0454],[146.6483,-19.0347]],[[148.6361,-20.087],[148.6361,-20.118],[148.6691,-20.118],[148.6691,-20.087],[148.6361,-20.087]],[[145.9997,-17.1655],[146.0113,-17.1759],[146.0239,-17.1759],[146.0239,-17.1304],[145.9997,-17.1304],[145.9997,-17.1655]],[[148.4501,-19.34],[148.4501,-19.3057],[148.4307,-19.3057],[148.42,-19.3154],[148.42,-19.34],[148.4501,-19.34]],[[146.8657,-18.4956],[146.8901,-18.4957],[146.89,-18.47],[146.8818,-18.4617],[146.86,-18.4687],[146.86,-18.49],[146.8657,-18.4956]],[[146.4601,-18.1],[146.4601,-18.07],[146.43,-18.07],[146.43,-18.09],[146.44,-18.1],[146.4601,-18.1]],[[148.3501,-19.38],[148.3501,-19.35],[148.3301,-19.35],[148.32,-19.3642],[148.32,-19.38],[148.3501,-19.38]],[[148.36,-19.2943],[148.36,-19.2648],[148.3376,-19.2648],[148.33,-19.28],[148.33,-19.2943],[148.36,-19.2943]],[[148.3396,-19.7182],[148.3396,-19.7421],[148.3718,-19.7421],[148.3718,-19.7182],[148.3396,-19.7182]],[[146.6267,-18.9534],[146.62,-18.96],[146.614,-18.9721],[146.614,-18.9821],[146.6241,-18.9821],[146.6467,-18.9734],[146.6467,-18.9534],[146.6267,-18.9534]],[[147.6222,-19.1498],[147.6243,-19.1533],[147.6446,-19.1533],[147.6446,-19.1282],[147.6151,-19.1282],[147.6151,-19.1379],[147.6222,-19.1498]],[[146.5467,-19.0867],[146.5467,-19.1],[146.5734,-19.1133],[146.5801,-19.1],[146.5601,-19.0867],[146.5467,-19.0867]],[[146.6734,-18.9867],[146.6734,-19.0067],[146.7001,-19.0067],[146.7001,-18.9933],[146.6934,-18.9867],[146.6734,-18.9867]],[[148.7021,-20.106],[148.7021,-20.119],[148.711,-20.119],[148.7291,-20.105],[148.7291,-20.096],[148.7151,-20.096],[148.7021,-20.106]],[[148.528,-20.062],[148.528,-20.074],[148.5401,-20.074],[148.5501,-20.064],[148.5501,-20.052],[148.538,-20.052],[148.528,-20.062]],[[148.3528,-19.764],[148.3528,-19.7799],[148.3767,-19.7799],[148.3767,-19.764],[148.3528,-19.764]],[[148.7067,-20.1733],[148.7001,-20.18],[148.7001,-20.1933],[148.7134,-20.1933],[148.7201,-20.1867],[148.7201,-20.1733],[148.7067,-20.1733]],[[148.356,-19.976],[148.356,-19.992],[148.3761,-19.992],[148.3761,-19.976],[148.356,-19.976]],[[148.6001,-20.0867],[148.6001,-20.1067],[148.6157,-20.1068],[148.6157,-20.0867],[148.6001,-20.0867]],[[146.3385,-18.6934],[146.3385,-18.6734],[146.3251,-18.6734],[146.3251,-18.6934],[146.3385,-18.6934]],[[146.3537,-18.9448],[146.3537,-18.9284],[146.3382,-18.9284],[146.3382,-18.9448],[146.3537,-18.9448]],[[145.8688,-16.5557],[145.8688,-16.5404],[145.8533,-16.5404],[145.8533,-16.5557],[145.8688,-16.5557]],[[146.752,-19.114],[146.752,-19.124],[146.7601,-19.124],[146.7601,-19.114],[146.752,-19.114]],[[147.8791,-19.4413],[147.8791,-19.4513],[147.8871,-19.4513],[147.8871,-19.4413],[147.8791,-19.4413]],[[146.7061,-19.124],[146.7061,-19.134],[146.7141,-19.134],[146.7141,-19.124],[146.7061,-19.124]],[[146.1123,-17.475],[146.1123,-17.4833],[146.1206,-17.4833],[146.1206,-17.475],[146.1123,-17.475]],[[146.1581,-17.5666],[146.1581,-17.5749],[146.1664,-17.5749],[146.1664,-17.5666],[146.1581,-17.5666]],[[147.9863,-19.9245],[147.993,-19.9221],[147.9894,-19.9217],[147.9863,-19.9245]],[[148.0003,-19.9223],[147.9977,-19.9234],[148.0015,-19.9229],[148.0003,-19.9223]],[[147.5946,-19.6459],[147.5963,-19.6481],[147.5966,-19.647],[147.5946,-19.6459]],[[147.9967,-19.9231],[147.9991,-19.9224],[147.9983,-19.9222],[147.9967,-19.9231]]]},"properties":{"id":"gbrmpa-zone-419","type":"General Use Zone","zone":"Light Blue Zone","color":"#7fc3dd","name":"GU-16-6004","permit":null,"source":"GBRMPA"}},{"type":"Feature","geometry":{"type":"Polygon","coordinates":[[[149.6498,-21.3041],[149.6414,-21.3041],[149.6414,-21.2958],[149.6498,-21.2958],[149.6498,-21.3041]]]},"properties":{"id":"gbrmpa-zone-124","type":"Habitat Protection Zone","zone":"Dark Blue Zone","color":"#3f6fb0","name":"HP-21-5242","permit":"South Overfall Rock (21-030)","source":"GBRMPA"}},{"type":"Feature","geometry":{"type":"Polygon","coordinates":[[[148.7997,-20.2943],[148.7999,-20.2975],[148.8029,-20.3012],[148.8032,-20.2954],[148.8015,-20.2928],[148.8085,-20.2928],[148.8085,-20.3048],[148.796,-20.3048],[148.788,-20.2995],[148.788,-20.2935],[148.795,-20.292],[148.7965,-20.2881],[148.8,-20.2917],[148.7986,-20.2932],[148.7997,-20.2943]],[[148.7961,-20.2973],[148.7937,-20.2987],[148.7951,-20.3008],[148.7975,-20.299],[148.7976,-20.2974],[148.7961,-20.2973]],[[148.7907,-20.2973],[148.792,-20.2972],[148.7918,-20.2945],[148.7903,-20.2944],[148.7907,-20.2973]]]},"properties":{"id":"gbrmpa-zone-227","type":"Conservation Park Zone","zone":"Yellow Zone","color":"#e8c23f","name":"CP-20-4083","permit":"Shute, Tancred and Repair Islands","source":"GBRMPA"}},{"type":"Feature","geometry":{"type":"Polygon","coordinates":[[[149.58,-21.95],[149.59,-21.96],[149.59,-21.9812],[149.57,-22],[149.55,-22],[149.55,-21.98],[149.56,-21.98],[149.57,-21.96],[149.57,-21.95],[149.58,-21.95]],[[149.5663,-21.9914],[149.5785,-21.9751],[149.5829,-21.9737],[149.5799,-21.9719],[149.5776,-21.9674],[149.5752,-21.9705],[149.5772,-21.9745],[149.5711,-21.98],[149.5588,-21.9865],[149.5663,-21.9914]],[[149.5777,-21.9569],[149.5787,-21.9569],[149.5792,-21.9561],[149.5777,-21.9569]]]},"properties":{"id":"gbrmpa-zone-110","type":"Habitat Protection Zone","zone":"Dark Blue Zone","color":"#3f6fb0","name":"HP-21-5300","permit":"Aquila Island Reef (21-378) and Bald Island Reef (21-372)","source":"GBRMPA"}},{"type":"Feature","geometry":{"type":"Polygon","coordinates":[[[149.3,-21.12],[149.3,-21.1703],[149.29,-21.1803],[149.28,-21.1803],[149.2729,-21.1854],[149.1945,-21.2118],[149.1953,-21.2092],[149.1924,-21.1968],[149.1928,-21.1832],[149.195,-21.1786],[149.1959,-21.1698],[149.2,-21.1579],[149.2042,-21.1527],[149.2037,-21.1506],[149.2082,-21.1506],[149.2113,-21.1484],[149.2693,-21.1485],[149.2746,-21.11],[149.29,-21.11],[149.3,-21.12]],[[149.2646,-21.1759],[149.2679,-21.1745],[149.2659,-21.1705],[149.2628,-21.1741],[149.2646,-21.1759]],[[149.2448,-21.1637],[149.2468,-21.1637],[149.2476,-21.1584],[149.2428,-21.1627],[149.2448,-21.1637]]]},"properties":{"id":"gbrmpa-zone-133","type":"Habitat Protection Zone","zone":"Dark Blue Zone","color":"#3f6fb0","name":"HP-21-5238","permit":"Mackay coastal area: Downward Patches west (unnamed reefs 21-005a, b, c, d and e), Flat Top Island Reef (21-007), Taroba Rock (21-008), Round Top Island Reef (21-009), Oyster Rock (21-010) and Reichelmann Rock (21-011)","source":"GBRMPA"}},{"type":"Feature","geometry":{"type":"MultiPolygon","coordinates":[[[[148.8818,-20.0481],[148.8801,-20.0495],[148.8781,-20.0483],[148.8785,-20.0591],[148.8907,-20.071],[148.896,-20.0721],[148.896,-20.0844],[148.8918,-20.0872],[148.885,-20.0879],[148.8723,-20.08],[148.883,-20.0852],[148.875,-20.0807],[148.8729,-20.0777],[148.8714,-20.0795],[148.8652,-20.0793],[148.87,-20.06],[148.8805,-20.0367],[148.8826,-20.042],[148.8818,-20.0481]]],[[[148.8909,-20.0836],[148.8929,-20.0855],[148.8921,-20.0812],[148.8909,-20.0836]]],[[[148.8728,-20.0589],[148.8726,-20.0604],[148.8743,-20.0606],[148.8728,-20.0589]]],[[[148.8718,-20.0797],[148.8715,-20.0796],[148.8716,-20.0796],[148.8718,-20.0797]]]]},"properties":{"id":"gbrmpa-zone-196","type":"Marine National Park Zone","zone":"Green Zone","color":"#2fae5a","name":"MNP-20-1111","permit":"Hayman Island (20-014), Langford-Bird (20-019) and Black Island (20-017) Reefs","source":"GBRMPA"}},{"type":"Feature","geometry":{"type":"Polygon","coordinates":[[[148.8534,-20.57],[148.8534,-20.63],[148.88,-20.63],[148.88,-20.6622],[148.744,-20.6622],[148.744,-20.544],[148.87,-20.544],[148.87,-20.57],[148.8534,-20.57]]]},"properties":{"id":"gbrmpa-zone-339","type":"Marine National Park Zone","zone":"Green Zone","color":"#2fae5a","name":"MNP-20-1127","permit":"Repulse Bay","source":"GBRMPA"}},{"type":"Feature","geometry":{"type":"Polygon","coordinates":[[[149.049,-20.9066],[149.0625,-20.9217],[149.0591,-20.9209],[149.0589,-20.9238],[149.0632,-20.9226],[149.0611,-20.9271],[149.0508,-20.925],[149.0474,-20.9218],[149.0439,-20.9128],[149.0459,-20.9082],[149.049,-20.9066]]]},"properties":{"id":"gbrmpa-zone-147","type":"Habitat Protection Zone","zone":"Dark Blue Zone","color":"#3f6fb0","name":"HP-20-5227","permit":"Cape Hillsborough coastal area","source":"GBRMPA"}},{"type":"Feature","geometry":{"type":"Polygon","coordinates":[[[149.8067,-20.98],[149.8067,-20.9937],[149.7667,-20.9937],[149.7667,-20.98],[149.8067,-20.98]],[[149.7783,-20.9839],[149.7733,-20.9841],[149.7722,-20.9856],[149.7761,-20.9887],[149.78,-20.9875],[149.7926,-20.9886],[149.7893,-20.9857],[149.7837,-20.9853],[149.781,-20.9832],[149.7783,-20.9839]]]},"properties":{"id":"gbrmpa-zone-142","type":"Habitat Protection Zone","zone":"Dark Blue Zone","color":"#3f6fb0","name":"HP-20-5230","permit":"Derwent Island Reef (20-292) and Skull Rock (20-293)","source":"GBRMPA"}},{"type":"Feature","geometry":{"type":"Polygon","coordinates":[[[148.9471,-20.099],[148.9527,-20.1071],[148.957,-20.1075],[148.9518,-20.1557],[148.9476,-20.1551],[148.9457,-20.1533],[148.9462,-20.149],[148.9439,-20.1434],[148.9468,-20.1402],[148.9446,-20.1351],[148.9449,-20.1273],[148.9425,-20.1231],[148.9384,-20.1207],[148.9426,-20.114],[148.9378,-20.112],[148.9362,-20.1081],[148.9367,-20.1022],[148.9422,-20.1041],[148.9442,-20.0943],[148.9471,-20.099]]]},"properties":{"id":"gbrmpa-zone-188","type":"Conservation Park Zone","zone":"Yellow Zone","color":"#e8c23f","name":"CP-20-4076","permit":"Saba Bay, Hook Island","source":"GBRMPA"}},{"type":"Feature","geometry":{"type":"Polygon","coordinates":[[[149.188,-20.622],[149.176,-20.622],[149.176,-20.61],[149.188,-20.61],[149.188,-20.622]]]},"properties":{"id":"gbrmpa-zone-334","type":"Habitat Protection Zone","zone":"Dark Blue Zone","color":"#3f6fb0","name":"HP-20-5208","permit":"Carondelet Rock (20-244)","source":"GBRMPA"}},{"type":"Feature","geometry":{"type":"Polygon","coordinates":[[[149.052,-20.2265],[149.052,-20.238],[149.0359,-20.238],[149.0359,-20.2265],[149.052,-20.2265]],[[149.0408,-20.2314],[149.0396,-20.2348],[149.0452,-20.2318],[149.0408,-20.2314]]]},"properties":{"id":"gbrmpa-zone-234","type":"Marine National Park Zone","zone":"Green Zone","color":"#2fae5a","name":"MNP-20-1116","permit":"Esk Island Reef (20-070)","source":"GBRMPA"}},{"type":"Feature","geometry":{"type":"Polygon","coordinates":[[[149.68,-21.2933],[149.7,-21.3067],[149.7067,-21.3133],[149.7067,-21.327],[149.7,-21.3337],[149.6667,-21.3533],[149.6534,-21.3533],[149.6534,-21.3067],[149.66,-21.2933],[149.68,-21.2933]],[[149.6717,-21.3001],[149.6677,-21.3012],[149.664,-21.3073],[149.6651,-21.3099],[149.6677,-21.313],[149.6736,-21.314],[149.6783,-21.3221],[149.6824,-21.3252],[149.6866,-21.3318],[149.6888,-21.3283],[149.6934,-21.3282],[149.693,-21.3256],[149.6957,-21.3239],[149.6931,-21.3193],[149.6944,-21.314],[149.6825,-21.3085],[149.6749,-21.3079],[149.6752,-21.3009],[149.6717,-21.3001]]]},"properties":{"id":"gbrmpa-zone-125","type":"Habitat Protection Zone","zone":"Dark Blue Zone","color":"#3f6fb0","name":"HP-21-5241","permit":"Prudhoe Island Reef (21-031 and 21-032)","source":"GBRMPA"}},{"type":"Feature","geometry":{"type":"Polygon","coordinates":[[[148.842,-20.36],[148.8501,-20.3861],[148.8501,-20.4175],[148.8382,-20.4175],[148.8361,-20.4155],[148.836,-20.4123],[148.8396,-20.4097],[148.8414,-20.4053],[148.8405,-20.3944],[148.8382,-20.3889],[148.8327,-20.3878],[148.8311,-20.3845],[148.8346,-20.3793],[148.8289,-20.3662],[148.8323,-20.3666],[148.8346,-20.3649],[148.8368,-20.3668],[148.8395,-20.3607],[148.842,-20.36]]]},"properties":{"id":"gbrmpa-zone-219","type":"Habitat Protection Zone","zone":"Dark Blue Zone","color":"#3f6fb0","name":"HP-20-5196","permit":"Long Island Reef Sound coastal area (20-062)","source":"GBRMPA"}},{"type":"Feature","geometry":{"type":"Polygon","coordinates":[[[149.2,-20.673],[149.1998,-20.6868],[149.1971,-20.6917],[149.1978,-20.6941],[149.1997,-20.6982],[149.2023,-20.6981],[149.205,-20.7009],[149.2056,-20.696],[149.2094,-20.6968],[149.2104,-20.6919],[149.215,-20.692],[149.215,-20.708],[149.2015,-20.708],[149.1892,-20.6985],[149.1892,-20.6909],[149.1908,-20.686],[149.1859,-20.682],[149.1871,-20.6766],[149.1896,-20.6748],[149.1929,-20.6757],[149.194,-20.6728],[149.2,-20.673]],[[149.2022,-20.704],[149.2037,-20.7032],[149.2034,-20.7007],[149.2021,-20.7008],[149.2022,-20.704]],[[149.2086,-20.7021],[149.2099,-20.7017],[149.2076,-20.6998],[149.2086,-20.7021]]]},"properties":{"id":"gbrmpa-zone-328","type":"Conservation Park Zone","zone":"Yellow Zone","color":"#e8c23f","name":"CP-20-4090","permit":"Linne Island Reef (20-253) and Tinsmith Island Reef (20-254)","source":"GBRMPA"}},{"type":"Feature","geometry":{"type":"Polygon","coordinates":[[[149.41,-20.76],[149.42,-20.77],[149.42,-20.7803],[149.4,-20.8003],[149.38,-20.79],[149.38,-20.76],[149.41,-20.76]],[[149.3992,-20.767],[149.3906,-20.7707],[149.3906,-20.774],[149.3947,-20.775],[149.3977,-20.7797],[149.4014,-20.7795],[149.4002,-20.7775],[149.4038,-20.7754],[149.4098,-20.7738],[149.4125,-20.7753],[149.413,-20.7739],[149.4069,-20.77],[149.4074,-20.7682],[149.3992,-20.767]],[[149.3904,-20.7854],[149.3931,-20.7865],[149.39,-20.7829],[149.3889,-20.7849],[149.3904,-20.7854]],[[149.3887,-20.7794],[149.3878,-20.7809],[149.3889,-20.7821],[149.3887,-20.7794]],[[149.3882,-20.7676],[149.3893,-20.7677],[149.3892,-20.7667],[149.3882,-20.7676]]]},"properties":{"id":"gbrmpa-zone-317","type":"Habitat Protection Zone","zone":"Dark Blue Zone","color":"#3f6fb0","name":"HP-20-5218","permit":"Cockermouth Island Reef (20-269)","source":"GBRMPA"}},{"type":"Feature","geometry":{"type":"Polygon","coordinates":[[[149.6291,-22.0016],[149.6251,-21.9984],[149.6219,-22.0001],[149.6254,-22.0054],[149.6291,-22.0051],[149.6291,-22.0067],[149.6269,-22.0067],[149.6269,-22.027],[149.6135,-22.027],[149.6002,-22.0403],[149.5936,-22.0337],[149.5936,-22.0203],[149.6069,-22.0067],[149.6208,-22.0067],[149.6208,-21.9958],[149.6291,-21.9958],[149.6291,-22.0016]]]},"properties":{"id":"gbrmpa-zone-746","type":"Habitat Protection Zone","zone":"Dark Blue Zone","color":"#3f6fb0","name":"HP-21-5302","permit":"Tornado Rocks (22-004a, b, c, d and e) and Gull Cay (22-002)","source":"GBRMPA"}},{"type":"Feature","geometry":{"type":"Polygon","coordinates":[[[149.72,-21.43],[149.73,-21.44],[149.73,-21.4704],[149.71,-21.4704],[149.71,-21.48],[149.69,-21.48],[149.69,-21.46],[149.7,-21.45],[149.7,-21.43],[149.72,-21.43]],[[149.7147,-21.4569],[149.7182,-21.4579],[149.7185,-21.4548],[149.717,-21.453],[149.7197,-21.4517],[149.7158,-21.449],[149.7182,-21.4463],[149.7173,-21.4436],[149.7153,-21.4429],[149.7135,-21.4384],[149.7113,-21.438],[149.7077,-21.4472],[149.711,-21.4512],[149.7112,-21.454],[149.7147,-21.4569]]]},"properties":{"id":"gbrmpa-zone-179","type":"Habitat Protection Zone","zone":"Dark Blue Zone","color":"#3f6fb0","name":"HP-21-5251","permit":"Knight Island Reef (21-039), Charles Rock (21-042) and Festing Shoal (21-041)","source":"GBRMPA"}},{"type":"Feature","geometry":{"type":"Polygon","coordinates":[[[148.8458,-20.271],[148.859,-20.2709],[148.859,-20.2897],[148.8338,-20.2897],[148.8338,-20.282],[148.8396,-20.2804],[148.8458,-20.271]],[[148.8484,-20.2817],[148.851,-20.2854],[148.8506,-20.282],[148.8484,-20.2817]],[[148.8426,-20.2775],[148.8438,-20.2803],[148.8449,-20.2788],[148.8426,-20.2775]]]},"properties":{"id":"gbrmpa-zone-228","type":"Marine National Park Zone","zone":"Green Zone","color":"#2fae5a","name":"MNP-20-1119","permit":"South Molle and Denman Islands","source":"GBRMPA"}},{"type":"Feature","geometry":{"type":"Polygon","coordinates":[[[149.9467,-21.0933],[149.9467,-21.1067],[149.94,-21.1133],[149.9333,-21.1133],[149.9267,-21.1067],[149.9267,-21.0933],[149.9467,-21.0933]],[[149.9342,-21.1036],[149.9365,-21.1038],[149.9381,-21.1019],[149.9334,-21.1018],[149.9342,-21.1036]]]},"properties":{"id":"gbrmpa-zone-136","type":"Habitat Protection Zone","zone":"Dark Blue Zone","color":"#3f6fb0","name":"HP-21-5235","permit":"Snare Peak Island Reef (21-027)","source":"GBRMPA"}},{"type":"Feature","geometry":{"type":"Polygon","coordinates":[[[148.7291,-20.096],[148.7291,-20.105],[148.711,-20.119],[148.7021,-20.119],[148.7021,-20.106],[148.7151,-20.096],[148.7291,-20.096]],[[148.7165,-20.1003],[148.7157,-20.1053],[148.7249,-20.1032],[148.7165,-20.1003]],[[148.7108,-20.1047],[148.7079,-20.1079],[148.709,-20.1129],[148.7108,-20.1047]]]},"properties":{"id":"gbrmpa-zone-242","type":"Conservation Park Zone","zone":"Yellow Zone","color":"#e8c23f","name":"CP-20-4077","permit":"Double Cone Island","source":"GBRMPA"}},{"type":"Feature","geometry":{"type":"Polygon","coordinates":[[[149.3923,-20.9085],[149.3959,-20.9109],[149.3939,-20.916],[149.3946,-20.9196],[149.3861,-20.9104],[149.3888,-20.9084],[149.3889,-20.9059],[149.3915,-20.9046],[149.3923,-20.9085]]]},"properties":{"id":"gbrmpa-zone-148","type":"Marine National Park Zone","zone":"Green Zone","color":"#2fae5a","name":"MNP-20-1138","permit":"Keswick Island","source":"GBRMPA"}},{"type":"Feature","geometry":{"type":"Polygon","coordinates":[[[148.6691,-20.087],[148.6691,-20.118],[148.6361,-20.118],[148.6361,-20.087],[148.6691,-20.087]],[[148.6546,-20.0925],[148.6513,-20.0932],[148.6487,-20.0976],[148.6454,-20.0995],[148.6476,-20.1027],[148.6466,-20.1059],[148.6521,-20.1075],[148.6532,-20.1065],[148.6546,-20.0925]],[[148.659,-20.1095],[148.655,-20.1111],[148.6576,-20.1133],[148.6599,-20.1129],[148.659,-20.1095]],[[148.6522,-20.1107],[148.6531,-20.1093],[148.6512,-20.1081],[148.6522,-20.1107]],[[148.6645,-20.1086],[148.6641,-20.1095],[148.6648,-20.1099],[148.6645,-20.1086]]]},"properties":{"id":"gbrmpa-zone-191","type":"Marine National Park Zone","zone":"Green Zone","color":"#2fae5a","name":"MNP-20-1113","permit":"Armit, Little Armit Island","source":"GBRMPA"}},{"type":"Feature","geometry":{"type":"Polygon","coordinates":[[[149.62,-21.87],[149.6,-21.87],[149.61,-21.84],[149.62,-21.84],[149.64,-21.82],[149.66,-21.82],[149.66,-21.8396],[149.64,-21.8503],[149.62,-21.87]]]},"properties":{"id":"gbrmpa-zone-116","type":"Habitat Protection Zone","zone":"Dark Blue Zone","color":"#3f6fb0","name":"HP-21-5295","permit":"North Patch (21-361), Alexandra Reefs (21-362) and South Patch (21-363)","source":"GBRMPA"}},{"type":"Feature","geometry":{"type":"Polygon","coordinates":[[[149.55,-21.02],[149.56,-21.03],[149.56,-21.0403],[149.54,-21.0403],[149.54,-21.02],[149.55,-21.02]],[[149.5481,-21.0318],[149.5493,-21.031],[149.5466,-21.0281],[149.546,-21.0303],[149.5481,-21.0318]]]},"properties":{"id":"gbrmpa-zone-139","type":"Habitat Protection Zone","zone":"Dark Blue Zone","color":"#3f6fb0","name":"HP-21-5232","permit":"Bailey Islet Reef (21-026)","source":"GBRMPA"}},{"type":"Feature","geometry":{"type":"Polygon","coordinates":[[[149.6664,-21.3699],[149.6664,-21.3746],[149.6498,-21.3746],[149.6498,-21.3669],[149.6664,-21.3666],[149.6664,-21.3699]],[[149.6561,-21.3716],[149.6583,-21.3719],[149.6598,-21.3703],[149.6561,-21.3716]]]},"properties":{"id":"gbrmpa-zone-185","type":"Habitat Protection Zone","zone":"Dark Blue Zone","color":"#3f6fb0","name":"HP-21-5245","permit":"Reid Islet Reef (21-033)","source":"GBRMPA"}},{"type":"Feature","geometry":{"type":"Polygon","coordinates":[[[148.6813,-20.2314],[148.7339,-20.2535],[148.6927,-20.2618],[148.6927,-20.2709],[148.6894,-20.2765],[148.6808,-20.279],[148.6768,-20.2731],[148.6794,-20.2675],[148.678,-20.2629],[148.6792,-20.2599],[148.6773,-20.2544],[148.6814,-20.2477],[148.6812,-20.2451],[148.6841,-20.2446],[148.6851,-20.2419],[148.6839,-20.2353],[148.6813,-20.2314]],[[148.6785,-20.2742],[148.6794,-20.2748],[148.6791,-20.2738],[148.6785,-20.2742]],[[148.6783,-20.2742],[148.6785,-20.2737],[148.6782,-20.2738],[148.6783,-20.2742]]]},"properties":{"id":"gbrmpa-zone-231","type":"Conservation Park Zone","zone":"Yellow Zone","color":"#e8c23f","name":"CP-20-4082","permit":"Pioneer Bay","source":"GBRMPA"}},{"type":"Feature","geometry":{"type":"Polygon","coordinates":[[[149.48,-20.72],[149.5,-20.7403],[149.48,-20.76],[149.46,-20.76],[149.46,-20.72],[149.48,-20.72]],[[149.473,-20.7483],[149.4801,-20.7475],[149.4819,-20.7461],[149.4815,-20.744],[149.4844,-20.7441],[149.4848,-20.7423],[149.4797,-20.7401],[149.4742,-20.7341],[149.468,-20.7312],[149.4669,-20.7271],[149.4661,-20.7345],[149.4675,-20.7379],[149.4731,-20.7427],[149.4742,-20.7461],[149.473,-20.7483]]]},"properties":{"id":"gbrmpa-zone-325","type":"Habitat Protection Zone","zone":"Dark Blue Zone","color":"#3f6fb0","name":"HP-20-5213","permit":"Wigton Island Reef (20-262)","source":"GBRMPA"}},{"type":"Feature","geometry":{"type":"Polygon","coordinates":[[[149.3219,-21.1647],[149.316,-21.1703],[149.316,-21.1783],[149.304,-21.1783],[149.304,-21.168],[149.31,-21.162],[149.31,-21.154],[149.322,-21.154],[149.3219,-21.1647]]]},"properties":{"id":"gbrmpa-zone-128","type":"Habitat Protection Zone","zone":"Dark Blue Zone","color":"#3f6fb0","name":"HP-21-5239","permit":"Downward Patches East (21-005f and g)","source":"GBRMPA"}},{"type":"Feature","geometry":{"type":"Polygon","coordinates":[[[149.6052,-20.8609],[149.6039,-20.8659],[149.6011,-20.8684],[149.5959,-20.8643],[149.5919,-20.8675],[149.5897,-20.864],[149.5854,-20.8616],[149.5815,-20.864],[149.5781,-20.8696],[149.57,-20.8696],[149.57,-20.8565],[149.5913,-20.84],[149.604,-20.84],[149.6038,-20.8491],[149.6021,-20.8543],[149.6052,-20.8609]]]},"properties":{"id":"gbrmpa-zone-202","type":"Habitat Protection Zone","zone":"Dark Blue Zone","color":"#3f6fb0","name":"HP-20-5222","permit":"Scawfell Island Reef (Refuge Bay: 20-290)","source":"GBRMPA"}},{"type":"Feature","geometry":{"type":"Polygon","coordinates":[[[149.338,-21.406],[149.344,-21.428],[149.344,-21.4383],[149.33,-21.4383],[149.33,-21.4278],[149.3326,-21.4288],[149.3349,-21.4327],[149.3371,-21.4272],[149.3307,-21.4107],[149.3274,-21.4102],[149.326,-21.4126],[149.326,-21.406],[149.338,-21.406]]]},"properties":{"id":"gbrmpa-zone-182","type":"Habitat Protection Zone","zone":"Dark Blue Zone","color":"#3f6fb0","name":"HP-21-5248","permit":"Freshwater Point coastal area","source":"GBRMPA"}},{"type":"Feature","geometry":{"type":"Polygon","coordinates":[[[149.98,-21.64],[149.98,-21.728],[150.1253,-21.728],[150.1253,-21.9098],[150.1349,-21.9098],[150.1359,-21.9327],[150.1223,-21.9327],[150.0975,-21.9569],[150.0441,-21.9023],[149.9256,-21.9023],[149.9256,-22.0458],[149.8639,-22.0458],[149.8639,-22.1405],[149.8692,-22.1405],[149.8716,-22.1428],[149.8699,-22.1518],[149.8726,-22.1546],[149.8691,-22.1528],[149.8665,-22.1568],[149.8573,-22.1571],[149.8573,-22.2431],[149.9134,-22.3443],[149.8103,-22.382],[149.7677,-22.3721],[149.7482,-22.3611],[149.746,-22.3581],[149.7461,-22.3556],[149.744,-22.3566],[149.7355,-22.3542],[149.7308,-22.3473],[149.7275,-22.3501],[149.7214,-22.3514],[149.7131,-22.356],[149.6373,-22.1815],[149.6373,-22.0045],[149.6912,-22.0045],[149.6912,-21.8812],[149.7033,-21.8564],[149.9,-21.64],[149.98,-21.64]],[[149.8781,-21.991],[149.8756,-21.9924],[149.8686,-21.9921],[149.8662,-22.001],[149.8554,-22.0017],[149.8525,-22.0008],[149.852,-21.9991],[149.8457,-22.0018],[149.8447,-22.0048],[149.8511,-22.0129],[149.8571,-22.0112],[149.8638,-22.0131],[149.8629,-22.0075],[149.8658,-22.0044],[149.8703,-22.0054],[149.876,-22.0008],[149.8791,-22.0015],[149.8791,-21.9965],[149.8817,-21.9936],[149.8781,-21.991]],[[150.1146,-21.9202],[150.1085,-21.922],[150.1084,-21.9315],[150.1112,-21.9315],[150.1132,-21.9336],[150.116,-21.9307],[150.1182,-21.9309],[150.1148,-21.9247],[150.1171,-21.92],[150.1205,-21.918],[150.118,-21.9149],[150.1146,-21.9202]],[[149.8017,-21.8276],[149.7931,-21.8311],[149.7945,-21.8399],[149.796,-21.84],[149.7968,-21.8377],[149.7988,-21.8393],[149.7992,-21.8362],[149.8053,-21.833],[149.8017,-21.8276]],[[149.807,-21.9818],[149.8058,-21.9812],[149.8038,-21.9838],[149.8083,-21.9892],[149.8205,-21.9958],[149.8103,-21.9818],[149.807,-21.9818]],[[149.8196,-21.8237],[149.8196,-21.8304],[149.8236,-21.8369],[149.8255,-21.8358],[149.8251,-21.833],[149.8234,-21.828],[149.8196,-21.8237]],[[149.7985,-21.851],[149.7999,-21.8519],[149.8015,-21.8467],[149.7995,-21.8421],[149.7976,-21.848],[149.7985,-21.851]],[[149.8673,-22.1447],[149.8661,-22.1462],[149.8625,-22.1454],[149.8643,-22.1478],[149.8687,-22.1485],[149.8699,-22.145],[149.8673,-22.1447]],[[149.7874,-21.8135],[149.7859,-21.8148],[149.7907,-21.8179],[149.7874,-21.8135]],[[149.7743,-22.3598],[149.7741,-22.361],[149.7784,-22.3583],[149.7743,-22.3579],[149.7743,-22.3598]],[[149.8519,-22.1473],[149.8534,-22.1466],[149.8499,-22.1463],[149.8484,-22.1491],[149.8519,-22.1473]],[[149.8303,-22.0237],[149.8281,-22.0238],[149.828,-22.0251],[149.8323,-22.0261],[149.8303,-22.0237]],[[149.8447,-22.0326],[149.8407,-22.0333],[149.8403,-22.0346],[149.8439,-22.0352],[149.8447,-22.0326]],[[149.7757,-21.8215],[149.7774,-21.8214],[149.7778,-21.8193],[149.776,-21.8197],[149.7757,-21.8215]],[[149.8243,-22.0167],[149.8257,-22.0164],[149.8248,-22.0145],[149.8243,-22.0167]],[[149.8055,-21.839],[149.8061,-21.8402],[149.8078,-21.8386],[149.8055,-21.839]],[[149.8777,-21.9812],[149.8793,-21.9807],[149.8792,-21.9795],[149.8777,-21.9812]],[[149.8936,-21.9961],[149.895,-21.9963],[149.8947,-21.9948],[149.8936,-21.9961]],[[149.8,-21.8239],[149.7995,-21.8242],[149.8005,-21.8267],[149.8,-21.8239]],[[149.894,-21.971],[149.8954,-21.9709],[149.8939,-21.9695],[149.894,-21.971]],[[149.8119,-22.0399],[149.8127,-22.0389],[149.8117,-22.0391],[149.8119,-22.0399]],[[150.0987,-21.9393],[150.0993,-21.9388],[150.0987,-21.9381],[150.0987,-21.9393]]]},"properties":{"id":"gbrmpa-zone-159","type":"Marine National Park Zone","zone":"Green Zone","color":"#2fae5a","name":"MNP-21-1146","permit":"Broad Sound area including the Bedwell Group, Wild Duck and Bamborough Islands","source":"GBRMPA"}},{"type":"Feature","geometry":{"type":"Polygon","coordinates":[[[148.87,-20.57],[148.89,-20.59],[148.89,-20.61],[148.88,-20.63],[148.8534,-20.63],[148.8534,-20.57],[148.87,-20.57]],[[148.8638,-20.6068],[148.8697,-20.6121],[148.8677,-20.6157],[148.8651,-20.616],[148.8655,-20.6193],[148.8691,-20.6208],[148.87,-20.6179],[148.876,-20.6196],[148.8742,-20.6165],[148.8766,-20.6149],[148.8779,-20.6163],[148.8778,-20.6145],[148.8674,-20.6075],[148.8638,-20.6068]],[[148.8775,-20.5963],[148.8755,-20.6011],[148.8794,-20.6014],[148.8795,-20.6059],[148.8817,-20.6066],[148.8838,-20.6042],[148.8839,-20.6016],[148.8811,-20.5985],[148.8827,-20.5936],[148.878,-20.5908],[148.8775,-20.5963]],[[148.8603,-20.5797],[148.8576,-20.5806],[148.8626,-20.5836],[148.8667,-20.5825],[148.8629,-20.5782],[148.8603,-20.5797]],[[148.8816,-20.6176],[148.8818,-20.6174],[148.8812,-20.617],[148.8816,-20.6176]],[[148.8817,-20.618],[148.882,-20.6179],[148.8818,-20.6178],[148.8817,-20.618]],[[148.8815,-20.6176],[148.8814,-20.6177],[148.8815,-20.6177],[148.8815,-20.6176]]]},"properties":{"id":"gbrmpa-zone-337","type":"Habitat Protection Zone","zone":"Dark Blue Zone","color":"#3f6fb0","name":"HP-20-5204","permit":"Repulse Islands: North Repulse Island Reef (20-208), East Repulse Island Reef (20-209) and South Repulse Island Reef (20-210)","source":"GBRMPA"}},{"type":"Feature","geometry":{"type":"Polygon","coordinates":[[[149.7467,-20.9604],[149.7267,-20.9604],[149.7267,-20.9466],[149.7334,-20.94],[149.7467,-20.94],[149.7467,-20.9604]]]},"properties":{"id":"gbrmpa-zone-145","type":"Habitat Protection Zone","zone":"Dark Blue Zone","color":"#3f6fb0","name":"HP-20-5229","permit":"Three Rocks (20-291)","source":"GBRMPA"}},{"type":"Feature","geometry":{"type":"Polygon","coordinates":[[[150.12,-20.42],[150.3145,-20.42],[150.3145,-20.479],[150.2829,-20.52],[150.26,-20.52],[150.18,-20.56],[150.1617,-20.5874],[150.1125,-20.6123],[150,-20.6],[149.9128,-20.58],[149.9128,-20.5474],[149.9447,-20.5153],[150.073,-20.5153],[150.12,-20.4927],[150.12,-20.42]]]},"properties":{"id":"gbrmpa-zone-345","type":"Habitat Protection Zone","zone":"Dark Blue Zone","color":"#3f6fb0","name":"HP-20-5198","permit":"Credlin Reefs (20-287 and 20-288) to Boulton Reef (20-146) complex","source":"GBRMPA"}},{"type":"Feature","geometry":{"type":"Polygon","coordinates":[[[149.6141,-21.7534],[149.6141,-21.7468],[149.6408,-21.7201],[149.6474,-21.7201],[149.6539,-21.7266],[149.6274,-21.7534],[149.6141,-21.7534]]]},"properties":{"id":"gbrmpa-zone-48","type":"Habitat Protection Zone","zone":"Dark Blue Zone","color":"#3f6fb0","name":"HP-21-5284","permit":"Williams Shoal (21-352)","source":"GBRMPA"}},{"type":"Feature","geometry":{"type":"Polygon","coordinates":[[[148.9385,-20.8663],[148.9402,-20.8633],[148.9428,-20.8655],[148.9457,-20.8641],[148.9443,-20.86],[148.9413,-20.8612],[148.9408,-20.8587],[148.9377,-20.8592],[148.9383,-20.8663],[148.9238,-20.8663],[148.9238,-20.8611],[148.9314,-20.8639],[148.9328,-20.8621],[148.9271,-20.8594],[148.9238,-20.8606],[148.9238,-20.8573],[148.9457,-20.8573],[148.9457,-20.8663],[148.9385,-20.8663]]]},"properties":{"id":"gbrmpa-zone-735","type":"Marine National Park Zone","zone":"Green Zone","color":"#2fae5a","name":"MNP-20-1134","permit":"Mausoleum, Acacia and Rocky Islands","source":"GBRMPA"}},{"type":"Feature","geometry":{"type":"Polygon","coordinates":[[[148.6201,-20.12],[148.6201,-20.16],[148.5951,-20.16],[148.5918,-20.1529],[148.6001,-20.12],[148.6201,-20.12]],[[148.6089,-20.1374],[148.605,-20.1393],[148.6035,-20.1455],[148.601,-20.1474],[148.5998,-20.1525],[148.6011,-20.1559],[148.6011,-20.1529],[148.6054,-20.1482],[148.6115,-20.1488],[148.6129,-20.1528],[148.6144,-20.1517],[148.6121,-20.1455],[148.6133,-20.139],[148.6089,-20.1374]],[[148.6063,-20.1322],[148.6078,-20.1313],[148.6073,-20.1291],[148.6063,-20.1322]]]},"properties":{"id":"gbrmpa-zone-240","type":"Habitat Protection Zone","zone":"Dark Blue Zone","color":"#3f6fb0","name":"HP-20-5193","permit":"Edwin Rock (20-026), unnamed reef 20-027 and Grassy Island Reef (20-030)","source":"GBRMPA"}},{"type":"Feature","geometry":{"type":"Polygon","coordinates":[[[149.4944,-21.8161],[149.5043,-21.8277],[149.5043,-21.8353],[149.4945,-21.8415],[149.4818,-21.8415],[149.4604,-21.8277],[149.4629,-21.8218],[149.4573,-21.8188],[149.4522,-21.8188],[149.4493,-21.8161],[149.4944,-21.8161]],[[149.4803,-21.8218],[149.4737,-21.8236],[149.4678,-21.8225],[149.4734,-21.826],[149.4741,-21.8296],[149.4816,-21.8368],[149.4914,-21.8372],[149.498,-21.8344],[149.4999,-21.8319],[149.497,-21.8231],[149.495,-21.8217],[149.4841,-21.8192],[149.4803,-21.8218]]]},"properties":{"id":"gbrmpa-zone-117","type":"Habitat Protection Zone","zone":"Dark Blue Zone","color":"#3f6fb0","name":"HP-21-5294","permit":"West Hill Island Reef (21-316) coastal area","source":"GBRMPA"}},{"type":"Feature","geometry":{"type":"Polygon","coordinates":[[[149.83,-21.36],[149.85,-21.37],[149.85,-21.3903],[149.83,-21.3903],[149.8165,-21.3836],[149.8081,-21.3999],[149.7998,-21.3999],[149.7998,-21.3916],[149.81,-21.3711],[149.81,-21.36],[149.83,-21.36]],[[149.8274,-21.3703],[149.8226,-21.3712],[149.8253,-21.3744],[149.833,-21.378],[149.8335,-21.382],[149.8369,-21.3835],[149.8392,-21.381],[149.8373,-21.3766],[149.8316,-21.3743],[149.8274,-21.3703]],[[149.8185,-21.3689],[149.8188,-21.3702],[149.8216,-21.3705],[149.8185,-21.3689]]]},"properties":{"id":"gbrmpa-zone-186","type":"Habitat Protection Zone","zone":"Dark Blue Zone","color":"#3f6fb0","name":"HP-21-5244","permit":"Double Island Reef (21-034) and Lloyd Shoal (21-035)","source":"GBRMPA"}},{"type":"Feature","geometry":{"type":"Polygon","coordinates":[[[149.23,-20.65],[149.22,-20.65],[149.22,-20.64],[149.23,-20.64],[149.23,-20.65]]]},"properties":{"id":"gbrmpa-zone-332","type":"Habitat Protection Zone","zone":"Dark Blue Zone","color":"#3f6fb0","name":"HP-20-5209","permit":"Geranium Shoal (20-249)","source":"GBRMPA"}},{"type":"Feature","geometry":{"type":"Polygon","coordinates":[[[148.8663,-20.3273],[148.867,-20.3427],[148.8513,-20.3427],[148.8503,-20.3409],[148.8528,-20.3358],[148.8566,-20.3376],[148.854,-20.3355],[148.8562,-20.3338],[148.8569,-20.3273],[148.8663,-20.3273]]]},"properties":{"id":"gbrmpa-zone-223","type":"Marine National Park Zone","zone":"Green Zone","color":"#2fae5a","name":"MNP-20-1121","permit":"East Rock/Pelican Island","source":"GBRMPA"}},{"type":"Feature","geometry":{"type":"Polygon","coordinates":[[[148.97,-20.37],[148.97,-20.38],[148.96,-20.38],[148.96,-20.37],[148.97,-20.37]],[[148.9634,-20.3705],[148.9637,-20.3736],[148.9642,-20.3725],[148.9634,-20.3705]]]},"properties":{"id":"gbrmpa-zone-217","type":"Habitat Protection Zone","zone":"Dark Blue Zone","color":"#3f6fb0","name":"HP-20-5197","permit":"Hamilton Island Reef south (20-059)","source":"GBRMPA"}},{"type":"Feature","geometry":{"type":"Polygon","coordinates":[[[149.4667,-21.4467],[149.4667,-21.467],[149.4534,-21.467],[149.4467,-21.46],[149.4467,-21.4467],[149.4667,-21.4467]],[[149.4594,-21.4518],[149.4563,-21.4534],[149.4559,-21.4565],[149.4599,-21.457],[149.4594,-21.4518]]]},"properties":{"id":"gbrmpa-zone-177","type":"Habitat Protection Zone","zone":"Dark Blue Zone","color":"#3f6fb0","name":"HP-21-5253","permit":"Irving Island Reef (21-021)","source":"GBRMPA"}},{"type":"Feature","geometry":{"type":"Polygon","coordinates":[[[149.633,-20.84],[149.633,-20.8923],[149.57,-20.8923],[149.57,-20.8696],[149.5781,-20.8696],[149.5785,-20.8722],[149.5885,-20.8784],[149.5953,-20.8863],[149.5996,-20.8868],[149.6081,-20.8839],[149.6071,-20.8803],[149.6091,-20.8833],[149.6176,-20.8857],[149.6278,-20.8705],[149.6248,-20.8629],[149.6252,-20.8574],[149.6057,-20.8485],[149.604,-20.8466],[149.604,-20.84],[149.633,-20.84]]]},"properties":{"id":"gbrmpa-zone-203","type":"Marine National Park Zone","zone":"Green Zone","color":"#2fae5a","name":"MNP-20-1133","permit":"Scawfell Island","source":"GBRMPA"}},{"type":"Feature","geometry":{"type":"Polygon","coordinates":[[[149.462,-21.67],[149.462,-21.6852],[149.4551,-21.6852],[149.4549,-21.6783],[149.4499,-21.67],[149.462,-21.67]]]},"properties":{"id":"gbrmpa-zone-154","type":"Habitat Protection Zone","zone":"Dark Blue Zone","color":"#3f6fb0","name":"HP-21-5277","permit":"Green Hill coastal area (unnamed reef 21-312a and b)","source":"GBRMPA"}},{"type":"Feature","geometry":{"type":"Polygon","coordinates":[[[149.5867,-21.4667],[149.5867,-21.4937],[149.5733,-21.4937],[149.5667,-21.4737],[149.5667,-21.46],[149.56,-21.46],[149.5533,-21.453],[149.5533,-21.3866],[149.56,-21.38],[149.58,-21.38],[149.58,-21.4536],[149.574,-21.46],[149.58,-21.46],[149.5867,-21.4667]]]},"properties":{"id":"gbrmpa-zone-183","type":"Habitat Protection Zone","zone":"Dark Blue Zone","color":"#3f6fb0","name":"HP-21-5247","permit":"Viscount Shoals West (21-036a and c)","source":"GBRMPA"}},{"type":"Feature","geometry":{"type":"Polygon","coordinates":[[[151.1025,-21.4],[151.02,-21.33],[151.021,-21.2579],[151.0517,-21.2584],[151.1662,-21.3846],[151.24,-21.36],[151.2395,-21.2797],[151.49,-21.28],[151.55,-21.36],[151.5499,-21.5007],[151.5622,-21.5007],[151.67,-21.55],[151.67,-21.66],[151.5177,-21.6599],[151.477,-21.6232],[151.44,-21.6232],[151.44,-21.8434],[150.9995,-21.8434],[150.9995,-22.4151],[152,-22.4151],[152,-22.23],[152.116,-22.23],[152.422,-22.41],[152.58,-22.41],[152.58,-22.3636],[152.6901,-22.3422],[152.7402,-22.3537],[152.7,-22.41],[152.7,-22.65],[152.3,-22.73],[152.125,-22.9057],[152,-22.9057],[152,-22.625],[151.9604,-22.5998],[151.71,-22.5998],[151.71,-22.6501],[151.5806,-22.6501],[151.5806,-22.6096],[151.5046,-22.6096],[151.5046,-22.6502],[151.1402,-22.6502],[151.1402,-22.5824],[150.9185,-22.5824],[150.9185,-22.5382],[150.7864,-22.5382],[150.7887,-22.5367],[150.7863,-22.5335],[150.7846,-22.5345],[150.7824,-22.5307],[150.7835,-22.5295],[150.7816,-22.5299],[150.7815,-22.5282],[150.7802,-22.5291],[150.7776,-22.5261],[150.7744,-22.5297],[150.7727,-22.5295],[150.7692,-22.5219],[150.7669,-22.5262],[150.7646,-22.5271],[150.758,-22.5252],[150.7558,-22.5233],[150.7474,-22.4773],[150.7518,-22.4737],[150.7548,-22.4748],[150.7535,-22.4709],[150.7563,-22.4708],[150.7577,-22.4683],[150.7556,-22.4636],[150.751,-22.4599],[150.756,-22.459],[150.7517,-22.4577],[150.751,-22.4547],[150.7484,-22.4544],[150.7467,-22.4524],[150.75,-22.4514],[150.7498,-22.4478],[150.7543,-22.4493],[150.781,-22.4493],[150.7258,-22.3244],[150.7258,-22.3044],[150.5552,-22.3044],[150.5565,-22.3001],[150.5595,-22.296],[150.5613,-22.2957],[150.5532,-22.2901],[150.5546,-22.2876],[150.5531,-22.2859],[150.5541,-22.2847],[150.551,-22.2811],[150.5527,-22.2794],[150.5432,-22.2789],[150.5342,-22.276],[150.5327,-22.2729],[150.5351,-22.2681],[150.5341,-22.2639],[150.5295,-22.264],[150.5296,-22.2603],[150.5271,-22.2606],[150.5245,-22.2572],[150.5263,-22.2562],[150.5258,-22.252],[150.5301,-22.2529],[150.5277,-22.2489],[150.5306,-22.2475],[150.5289,-22.2435],[150.5241,-22.2428],[150.5209,-22.239],[150.5198,-22.2328],[150.5218,-22.2277],[150.512,-22.2193],[150.5058,-22.2169],[150.507,-22.2156],[150.5059,-22.2139],[150.5024,-22.214],[150.5027,-22.2125],[150.4995,-22.2111],[150.4939,-22.2112],[150.4893,-22.2079],[150.4902,-22.2063],[150.4888,-22.2054],[150.48,-22.2055],[150.48,-22.1123],[150.7113,-22.1123],[150.7113,-21.93],[150.4227,-21.5459],[149.9753,-21.5459],[149.9753,-21.2518],[150.4687,-21.2518],[150.6623,-21.4702],[150.8802,-21.4702],[151.0999,-21.6007],[151.3394,-21.6007],[151.3394,-21.5156],[151.1491,-21.5156],[151.1491,-21.4866],[151.1768,-21.4577],[151.1025,-21.4]],[[151.2304,-21.7934],[151.2304,-21.8293],[151.2906,-21.8293],[151.2906,-21.7934],[151.2304,-21.7934]],[[150.2477,-21.52],[150.2539,-21.524],[150.2574,-21.5294],[150.2593,-21.5239],[150.2619,-21.5246],[150.2664,-21.5191],[150.2728,-21.52],[150.2766,-21.518],[150.2707,-21.5131],[150.2595,-21.5225],[150.2475,-21.517],[150.2453,-21.5176],[150.2477,-21.52]],[[150.2738,-21.4877],[150.2761,-21.4833],[150.2797,-21.4865],[150.2809,-21.4852],[150.2805,-21.4812],[150.2761,-21.4786],[150.2698,-21.4813],[150.2683,-21.4801],[150.2679,-21.4761],[150.266,-21.476],[150.2629,-21.4832],[150.2682,-21.4829],[150.2683,-21.4869],[150.2731,-21.4898],[150.2738,-21.4877]],[[150.1534,-21.5299],[150.1543,-21.5277],[150.1557,-21.5285],[150.1557,-21.5263],[150.1531,-21.5235],[150.1504,-21.524],[150.1482,-21.5199],[150.1474,-21.5223],[150.1491,-21.526],[150.1534,-21.5299]],[[150.2571,-21.4873],[150.2588,-21.487],[150.2581,-21.4838],[150.2543,-21.4864],[150.2571,-21.4873]],[[150.7729,-22.4765],[150.7718,-22.4775],[150.7756,-22.4822],[150.7729,-22.4765]],[[151.4197,-21.4281],[151.4212,-21.4282],[151.4219,-21.4263],[151.4188,-21.4259],[151.4197,-21.4281]],[[151.4266,-21.3804],[151.4232,-21.3825],[151.4256,-21.3829],[151.4266,-21.3804]],[[150.7562,-22.4784],[150.7585,-22.4784],[150.7561,-22.4757],[150.7562,-22.4784]],[[150.7594,-22.4682],[150.7627,-22.4687],[150.7602,-22.4672],[150.7594,-22.4682]],[[150.5392,-22.2667],[150.5431,-22.266],[150.5395,-22.2646],[150.5392,-22.2667]],[[152.7168,-22.3579],[152.7155,-22.3591],[152.7171,-22.3604],[152.7181,-22.359],[152.7168,-22.3579]],[[150.7698,-22.5187],[150.7717,-22.5179],[150.7701,-22.5174],[150.7698,-22.5187]],[[150.7514,-22.4543],[150.7524,-22.4546],[150.7529,-22.4537],[150.7514,-22.4543]],[[150.7533,-22.4822],[150.7523,-22.481],[150.7525,-22.4821],[150.7533,-22.4822]]]},"properties":{"id":"gbrmpa-zone-744","type":"Marine National Park Zone","zone":"Green Zone","color":"#2fae5a","name":"MNP-21-1141","permit":"Offshore Cape Clinton: including eastern Townshend Island, Heralds Reef Prong (21-432), Heralds Prong No. 3 (21-434), Archer Shoal (21-161) and lagoonal areas","source":"GBRMPA"}},{"type":"Feature","geometry":{"type":"Polygon","coordinates":[[[149.038,-20.388],[149.0389,-20.432],[149.0371,-20.4296],[149.0342,-20.4294],[149.0322,-20.4386],[149.0259,-20.4394],[149.0245,-20.4417],[149.0252,-20.4438],[149.0278,-20.4431],[149.0306,-20.4454],[149.0294,-20.4517],[149.032,-20.4541],[149.0335,-20.4601],[149.0352,-20.4613],[149.0465,-20.4578],[149.0546,-20.4507],[149.057,-20.4512],[149.0601,-20.4548],[149.0625,-20.4524],[149.0655,-20.4538],[149.065,-20.4509],[149.0622,-20.4505],[149.0558,-20.446],[149.0545,-20.4378],[149.0791,-20.4379],[149.0783,-20.4412],[149.0798,-20.4427],[149.076,-20.4463],[149.0772,-20.4517],[149.0749,-20.4525],[149.0783,-20.4553],[149.082,-20.4555],[149.0828,-20.4599],[149.0759,-20.4628],[149.0749,-20.4646],[149.0748,-20.4743],[149.077,-20.48],[149.0692,-20.477],[149.071,-20.4862],[149.0684,-20.4876],[149.0699,-20.4903],[149.0679,-20.4939],[149.0692,-20.4969],[149.0664,-20.5028],[149.0626,-20.5056],[149.0521,-20.5066],[149.0517,-20.5092],[149.0491,-20.51],[149.0393,-20.5036],[149.0368,-20.5037],[149.0374,-20.5057],[149.0414,-20.5065],[149.0434,-20.5123],[149.0468,-20.515],[149.0427,-20.5175],[149.0438,-20.5231],[149.048,-20.5257],[149.0503,-20.5239],[149.0523,-20.5257],[149.0522,-20.5401],[149.0014,-20.5401],[149.0014,-20.388],[149.038,-20.388]],[[149.0271,-20.393],[149.0235,-20.3967],[149.0242,-20.4015],[149.0325,-20.4041],[149.036,-20.403],[149.0371,-20.3967],[149.0352,-20.3968],[149.0328,-20.394],[149.0271,-20.393]],[[149.0268,-20.4214],[149.0261,-20.4247],[149.0285,-20.4266],[149.036,-20.4272],[149.0382,-20.4243],[149.0361,-20.4226],[149.0314,-20.4231],[149.0268,-20.4214]],[[149.0371,-20.4667],[149.0349,-20.467],[149.0332,-20.4695],[149.0343,-20.4721],[149.0327,-20.4747],[149.0368,-20.4719],[149.0383,-20.4687],[149.0371,-20.4667]],[[149.0085,-20.4268],[149.0083,-20.4216],[149.0043,-20.4245],[149.0071,-20.4246],[149.0085,-20.4268]],[[149.0168,-20.4189],[149.0159,-20.4215],[149.0169,-20.4207],[149.0168,-20.4189]],[[149.0098,-20.4503],[149.0101,-20.4485],[149.0093,-20.4495],[149.0098,-20.4503]]]},"properties":{"id":"gbrmpa-zone-346","type":"Conservation Park Zone","zone":"Yellow Zone","color":"#e8c23f","name":"CP-20-4086","permit":"Lindeman and Shaw Islands","source":"GBRMPA"}},{"type":"Feature","geometry":{"type":"Polygon","coordinates":[[[148.9032,-20.0348],[148.9032,-20.0563],[148.9226,-20.0563],[148.9226,-20.0617],[148.9188,-20.0644],[148.9143,-20.0646],[148.9137,-20.0671],[148.9106,-20.0692],[148.9058,-20.0699],[148.9057,-20.0756],[148.9017,-20.0789],[148.9055,-20.087],[148.9113,-20.0887],[148.9107,-20.0941],[148.9062,-20.0973],[148.9107,-20.1014],[148.9046,-20.1096],[148.8995,-20.106],[148.8943,-20.1108],[148.8904,-20.1107],[148.8621,-20.0914],[148.8652,-20.0793],[148.871,-20.0793],[148.885,-20.0879],[148.8918,-20.0872],[148.896,-20.0844],[148.896,-20.0721],[148.8907,-20.071],[148.882,-20.0617],[148.8842,-20.0586],[148.8884,-20.0577],[148.8948,-20.0631],[148.8982,-20.0505],[148.8928,-20.0429],[148.8896,-20.043],[148.8867,-20.0382],[148.8813,-20.037],[148.8806,-20.0348],[148.9032,-20.0348]],[[148.8708,-20.089],[148.8703,-20.0902],[148.872,-20.0917],[148.8708,-20.089]]]},"properties":{"id":"gbrmpa-zone-197","type":"Conservation Park Zone","zone":"Yellow Zone","color":"#e8c23f","name":"CP-20-4075","permit":"Hayman Island and Stonehaven, Hook Island","source":"GBRMPA"}},{"type":"Feature","geometry":{"type":"Polygon","coordinates":[[[149.1482,-20.9835],[149.1494,-20.9837],[149.1494,-20.9903],[149.1355,-20.9903],[149.1355,-20.968],[149.1495,-20.968],[149.1482,-20.9835]]]},"properties":{"id":"gbrmpa-zone-143","type":"Marine National Park Zone","zone":"Green Zone","color":"#2fae5a","name":"MNP-20-1139","permit":"Green Island Reef (20-285)","source":"GBRMPA"}},{"type":"Feature","geometry":{"type":"Polygon","coordinates":[[[149.1516,-20.6729],[149.1448,-20.6747],[149.1445,-20.6765],[149.1486,-20.6814],[149.1478,-20.6834],[149.1452,-20.6841],[149.1474,-20.686],[149.1459,-20.6878],[149.1421,-20.6891],[149.1383,-20.6849],[149.1362,-20.6863],[149.1362,-20.6719],[149.1509,-20.6648],[149.1532,-20.6686],[149.1516,-20.6729]],[[149.1387,-20.6781],[149.1411,-20.6748],[149.1401,-20.6733],[149.1376,-20.6748],[149.1373,-20.6772],[149.1387,-20.6781]]]},"properties":{"id":"gbrmpa-zone-329","type":"Conservation Park Zone","zone":"Yellow Zone","color":"#e8c23f","name":"CP-20-4089","permit":"Farrier Island and Goldsmith Island","source":"GBRMPA"}},{"type":"Feature","geometry":{"type":"Polygon","coordinates":[[[149.03,-20.35],[149.03,-20.36],[149.02,-20.36],[149.02,-20.3518],[149.0236,-20.35],[149.03,-20.35]]]},"properties":{"id":"gbrmpa-zone-220","type":"Habitat Protection Zone","zone":"Dark Blue Zone","color":"#3f6fb0","name":"HP-20-5195","permit":"Surprise Rock (20-083)","source":"GBRMPA"}},{"type":"Feature","geometry":{"type":"Polygon","coordinates":[[[148.64,-20.008],[148.64,-20.032],[148.616,-20.032],[148.616,-20.008],[148.64,-20.008]],[[148.6249,-20.0138],[148.6248,-20.0175],[148.627,-20.0202],[148.6274,-20.0154],[148.6249,-20.0138]],[[148.6271,-20.0219],[148.6273,-20.0228],[148.6285,-20.0223],[148.6271,-20.0219]],[[148.6245,-20.0164],[148.6244,-20.0165],[148.6245,-20.0167],[148.6245,-20.0164]]]},"properties":{"id":"gbrmpa-zone-266","type":"Preservation Zone","zone":"Pink Zone","color":"#e58fb0","name":"P-20-21","permit":"Eshelby Island Reef (20-012 and 20-031)","source":"GBRMPA"}},{"type":"Feature","geometry":{"type":"Polygon","coordinates":[[[149.24,-20.7267],[149.24,-20.74],[149.22,-20.74],[149.22,-20.7267],[149.24,-20.7267]],[[149.2319,-20.7331],[149.2336,-20.7331],[149.2318,-20.7315],[149.2319,-20.7331]]]},"properties":{"id":"gbrmpa-zone-323","type":"Habitat Protection Zone","zone":"Dark Blue Zone","color":"#3f6fb0","name":"HP-20-5214","permit":"Hempel Rock Reef (20-256) and Coffin Island Reef (20-261)","source":"GBRMPA"}},{"type":"Feature","geometry":{"type":"Polygon","coordinates":[[[149.5,-21.48],[149.4867,-21.48],[149.4867,-21.46],[149.5,-21.46],[149.5,-21.48]]]},"properties":{"id":"gbrmpa-zone-174","type":"Habitat Protection Zone","zone":"Dark Blue Zone","color":"#3f6fb0","name":"HP-21-5255","permit":"Phillips Reef (21-022)","source":"GBRMPA"}},{"type":"Feature","geometry":{"type":"Polygon","coordinates":[[[149.4467,-20.76],[149.4467,-20.7803],[149.4334,-20.7803],[149.4267,-20.7733],[149.4267,-20.7533],[149.44,-20.7533],[149.4467,-20.76]]]},"properties":{"id":"gbrmpa-zone-320","type":"Habitat Protection Zone","zone":"Dark Blue Zone","color":"#3f6fb0","name":"HP-20-5216","permit":"Silloth Rocks (20-263)","source":"GBRMPA"}},{"type":"Feature","geometry":{"type":"Polygon","coordinates":[[[149.6912,-21.918],[149.6912,-22.0045],[149.6373,-22.0045],[149.6373,-21.9421],[149.6259,-21.9421],[149.6259,-21.9036],[149.651,-21.9036],[149.651,-21.918],[149.6912,-21.918]],[[149.6604,-21.9655],[149.6558,-21.9659],[149.6553,-21.9672],[149.6597,-21.9742],[149.6585,-21.9774],[149.6652,-21.9813],[149.6648,-21.9722],[149.6604,-21.9655]],[[149.6462,-21.9302],[149.6433,-21.9304],[149.6441,-21.9328],[149.6516,-21.9364],[149.6552,-21.9296],[149.6528,-21.9251],[149.6462,-21.9302]],[[149.6592,-21.9872],[149.6605,-21.9876],[149.6598,-21.9844],[149.6582,-21.9837],[149.6592,-21.9872]],[[149.6417,-21.9978],[149.6418,-21.9994],[149.6432,-21.9988],[149.6417,-21.9978]],[[149.6697,-21.9858],[149.6703,-21.9854],[149.6684,-21.9841],[149.6697,-21.9858]],[[149.6523,-21.9763],[149.6532,-21.9775],[149.6541,-21.9771],[149.6523,-21.9763]]]},"properties":{"id":"gbrmpa-zone-747","type":"Habitat Protection Zone","zone":"Dark Blue Zone","color":"#3f6fb0","name":"HP-21-5298","permit":"Flat Isles: Drumfish Shoal (21-365a and b), Red Clay Island Reef (21-367), Beware Rocks (21-370), West Reef (21-374), Avoid Island Reef (21-379), Little Island Reef (21-379) and Escape Cay (21-384)","source":"GBRMPA"}},{"type":"Feature","geometry":{"type":"Polygon","coordinates":[[[149.8267,-21.4266],[149.8267,-21.44],[149.8067,-21.44],[149.8068,-21.4266],[149.8267,-21.4266]],[[149.8213,-21.4351],[149.8213,-21.4327],[149.8206,-21.434],[149.8213,-21.4351]]]},"properties":{"id":"gbrmpa-zone-180","type":"Habitat Protection Zone","zone":"Dark Blue Zone","color":"#3f6fb0","name":"HP-21-5250","permit":"Renou Islet Reef (21-037) and Jack Rock (21-038)","source":"GBRMPA"}},{"type":"Feature","geometry":{"type":"Polygon","coordinates":[[[149.55,-21.72],[149.53,-21.72],[149.53,-21.6603],[149.55,-21.6603],[149.55,-21.72]]]},"properties":{"id":"gbrmpa-zone-157","type":"Habitat Protection Zone","zone":"Dark Blue Zone","color":"#3f6fb0","name":"HP-21-5274","permit":"Torch Shoal (21-347)","source":"GBRMPA"}},{"type":"Feature","geometry":{"type":"Polygon","coordinates":[[[148.5501,-20.052],[148.5501,-20.064],[148.5401,-20.074],[148.528,-20.074],[148.528,-20.062],[148.538,-20.052],[148.5501,-20.052]],[[148.5357,-20.0679],[148.538,-20.0641],[148.5451,-20.0634],[148.5421,-20.061],[148.5459,-20.06],[148.5456,-20.0579],[148.5429,-20.0565],[148.5366,-20.0603],[148.5357,-20.0679]]]},"properties":{"id":"gbrmpa-zone-194","type":"Habitat Protection Zone","zone":"Dark Blue Zone","color":"#3f6fb0","name":"HP-20-5188","permit":"Saddleback Island Reef (20-015)","source":"GBRMPA"}},{"type":"Feature","geometry":{"type":"Polygon","coordinates":[[[149.485,-20.891],[149.485,-20.9506],[149.3789,-20.9506],[149.3789,-20.891],[149.485,-20.891]],[[149.4474,-20.9031],[149.4442,-20.9081],[149.4396,-20.9033],[149.4365,-20.9068],[149.4311,-20.9058],[149.4255,-20.9078],[149.4255,-20.9116],[149.4275,-20.9132],[149.4268,-20.915],[149.4317,-20.9167],[149.4309,-20.9212],[149.4286,-20.923],[149.4285,-20.9269],[149.4309,-20.9279],[149.4347,-20.9262],[149.436,-20.9282],[149.4327,-20.9326],[149.43,-20.9329],[149.4283,-20.9352],[149.4264,-20.9342],[149.4261,-20.9376],[149.4235,-20.939],[149.4274,-20.9466],[149.4294,-20.9453],[149.4289,-20.9417],[149.4337,-20.9395],[149.433,-20.9368],[149.4362,-20.9387],[149.4383,-20.9381],[149.44,-20.942],[149.4425,-20.9422],[149.4473,-20.936],[149.4459,-20.933],[149.4474,-20.9304],[149.4515,-20.9346],[149.4535,-20.9295],[149.4561,-20.9299],[149.4579,-20.9225],[149.4599,-20.9222],[149.4596,-20.9182],[149.4621,-20.9167],[149.4617,-20.9141],[149.4581,-20.9135],[149.456,-20.9097],[149.4534,-20.9094],[149.4524,-20.9055],[149.4474,-20.9031]],[[149.4128,-20.8972],[149.4108,-20.902],[149.4085,-20.9021],[149.4043,-20.8977],[149.3988,-20.9019],[149.3905,-20.9023],[149.3867,-20.9043],[149.3856,-20.9096],[149.3947,-20.9197],[149.3974,-20.9153],[149.4005,-20.9148],[149.4031,-20.9166],[149.4066,-20.9244],[149.4101,-20.9223],[149.4097,-20.9183],[149.4153,-20.9186],[149.4155,-20.9232],[149.4189,-20.9274],[149.421,-20.925],[149.4229,-20.9251],[149.4239,-20.9209],[149.4155,-20.9124],[149.4144,-20.9074],[149.4162,-20.9058],[149.4153,-20.9026],[149.4171,-20.8993],[149.4149,-20.8967],[149.4128,-20.8972]],[[149.4653,-20.9288],[149.4675,-20.9377],[149.4699,-20.9359],[149.4694,-20.9302],[149.4716,-20.9277],[149.4683,-20.9282],[149.4649,-20.926],[149.4652,-20.9233],[149.4642,-20.9258],[149.4653,-20.9288]],[[149.4751,-20.9271],[149.474,-20.9291],[149.4761,-20.931],[149.4766,-20.9282],[149.4751,-20.9271]]]},"properties":{"id":"gbrmpa-zone-151","type":"Conservation Park Zone","zone":"Yellow Zone","color":"#e8c23f","name":"CP-20-4093","permit":"Keswick and St Bees Islands","source":"GBRMPA"}},{"type":"Feature","geometry":{"type":"Polygon","coordinates":[[[149.2534,-20.867],[149.2467,-20.8737],[149.2334,-20.8737],[149.2334,-20.8533],[149.24,-20.8467],[149.2534,-20.8467],[149.2534,-20.867]]]},"properties":{"id":"gbrmpa-zone-200","type":"Habitat Protection Zone","zone":"Dark Blue Zone","color":"#3f6fb0","name":"HP-20-5224","permit":"Fantome Rocks (20-273)","source":"GBRMPA"}},{"type":"Feature","geometry":{"type":"Polygon","coordinates":[[[148.9493,-20.5191],[148.9493,-20.5401],[148.9318,-20.5349],[148.9279,-20.5308],[148.9282,-20.5265],[148.9247,-20.519],[148.9493,-20.5191]],[[148.9291,-20.5265],[148.9295,-20.5256],[148.9288,-20.5255],[148.9291,-20.5265]],[[148.9296,-20.5256],[148.9295,-20.5257],[148.9296,-20.5257],[148.9296,-20.5256]],[[148.9297,-20.5258],[148.9298,-20.5258],[148.9297,-20.5257],[148.9297,-20.5258]]]},"properties":{"id":"gbrmpa-zone-343","type":"Conservation Park Zone","zone":"Yellow Zone","color":"#e8c23f","name":"CP-20-4088","permit":"Ripple Rocks (20-206)","source":"GBRMPA"}},{"type":"Feature","geometry":{"type":"Polygon","coordinates":[[[149.9289,-21.4713],[149.9289,-21.4875],[149.9373,-21.4875],[149.9373,-21.4958],[149.94,-21.5],[149.9753,-21.5],[149.9753,-21.5459],[150.4227,-21.5459],[150.7113,-21.93],[150.7113,-22.1123],[150.48,-22.1123],[150.48,-22.205],[150.4787,-22.2047],[150.4748,-22.2108],[150.4743,-22.2157],[150.4637,-22.2247],[150.459,-22.2232],[150.4546,-22.2266],[150.439,-22.2308],[150.4383,-22.2401],[150.4298,-22.2471],[150.4294,-22.2509],[150.4382,-22.2569],[150.439,-22.2542],[150.4416,-22.253],[150.4413,-22.247],[150.4421,-22.2534],[150.4395,-22.255],[150.4392,-22.258],[150.4369,-22.2603],[150.4356,-22.2594],[150.4363,-22.2627],[150.4321,-22.2629],[150.4345,-22.265],[150.4334,-22.2671],[150.4282,-22.2682],[150.4263,-22.2717],[150.4144,-22.2792],[150.4167,-22.2866],[150.4225,-22.2896],[150.4226,-22.2917],[150.4195,-22.2958],[150.4207,-22.299],[150.1599,-22.2943],[150.1572,-22.2894],[150.1579,-22.2863],[150.1551,-22.2812],[150.1555,-22.2783],[150.1515,-22.2744],[150.1498,-22.2688],[150.1503,-22.2623],[150.1527,-22.2621],[150.1518,-22.2593],[150.1425,-22.252],[150.141,-22.2551],[150.139,-22.2546],[150.1351,-22.2521],[150.1341,-22.2495],[150.1262,-22.2474],[150.1213,-22.2373],[150.1166,-22.2385],[150.1106,-22.2336],[150.1099,-22.2274],[150.1081,-22.2247],[150.1026,-22.2225],[150.1007,-22.218],[150.0983,-22.2165],[150.1003,-22.213],[150.0993,-22.2093],[150.09,-22.1912],[150.087,-22.1764],[150.0853,-22.1742],[150.088,-22.1683],[150.0851,-22.1689],[150.0808,-22.1633],[150.081,-22.1604],[150.0836,-22.1579],[150.0791,-22.1558],[150.0811,-22.1516],[150.0762,-22.1512],[150.0747,-22.1564],[150.0632,-22.1517],[150.0633,-22.1458],[150.0653,-22.1462],[150.0661,-22.1445],[150.0619,-22.142],[150.0623,-22.1383],[150.0601,-22.1364],[150.06,-22.1329],[150.0583,-22.1329],[150.0575,-22.1362],[150.0531,-22.1352],[150.0477,-22.1304],[150.0449,-22.1302],[150.0436,-22.1259],[150.0427,-22.128],[150.0351,-22.13],[150.0349,-22.1343],[150.0309,-22.1367],[150.0292,-22.1413],[150.0305,-22.1445],[150.0289,-22.1464],[150.0253,-22.1475],[150.0028,-22.1431],[149.9943,-22.148],[149.9883,-22.1633],[149.9816,-22.1676],[149.9649,-22.1738],[149.9625,-22.1788],[149.9562,-22.1855],[149.9539,-22.1926],[149.943,-22.2123],[149.9423,-22.224],[149.9402,-22.2282],[149.9382,-22.243],[149.935,-22.2498],[149.9331,-22.2506],[149.932,-22.2605],[149.9287,-22.2648],[149.9236,-22.2675],[149.9185,-22.2746],[149.9186,-22.2836],[149.9169,-22.2862],[149.9163,-22.2939],[149.9191,-22.3019],[149.915,-22.3032],[149.9133,-22.3057],[149.9158,-22.3089],[149.9158,-22.3147],[149.9142,-22.316],[149.9154,-22.3223],[149.9168,-22.3233],[149.9134,-22.3443],[149.8573,-22.2431],[149.8573,-22.1571],[149.8646,-22.1571],[149.862,-22.1697],[149.867,-22.1787],[149.8651,-22.1886],[149.8694,-22.1909],[149.8721,-22.1985],[149.8772,-22.2023],[149.881,-22.1995],[149.8859,-22.1849],[149.8939,-22.1786],[149.8965,-22.1746],[149.9037,-22.172],[149.9054,-22.1752],[149.9107,-22.1746],[149.9104,-22.1814],[149.9129,-22.1867],[149.9219,-22.1817],[149.9245,-22.1733],[149.9209,-22.155],[149.9256,-22.142],[149.9299,-22.1386],[149.9305,-22.1337],[149.9256,-22.1288],[149.922,-22.1286],[149.9213,-22.125],[149.9183,-22.1215],[149.917,-22.1147],[149.9191,-22.1128],[149.9159,-22.1069],[149.916,-22.1056],[149.9175,-22.1062],[149.9155,-22.1034],[149.9147,-22.1044],[149.9136,-22.1001],[149.9102,-22.0965],[149.91,-22.092],[149.9041,-22.0757],[149.9081,-22.0721],[149.9053,-22.0679],[149.9066,-22.0641],[149.9103,-22.0618],[149.9099,-22.0592],[149.9142,-22.0595],[149.9146,-22.058],[149.9113,-22.0585],[149.9079,-22.0526],[149.9052,-22.0534],[149.9032,-22.0516],[149.8978,-22.0536],[149.8817,-22.0682],[149.8843,-22.0781],[149.8793,-22.092],[149.8832,-22.0954],[149.8859,-22.0943],[149.8829,-22.0966],[149.884,-22.1004],[149.8773,-22.0988],[149.8733,-22.1029],[149.8745,-22.1115],[149.871,-22.1148],[149.8701,-22.1202],[149.8735,-22.1252],[149.8772,-22.1247],[149.8794,-22.1209],[149.8793,-22.1241],[149.8849,-22.1252],[149.8799,-22.1255],[149.8805,-22.1289],[149.8787,-22.1253],[149.8755,-22.1264],[149.8723,-22.1336],[149.8737,-22.1356],[149.8712,-22.1345],[149.8692,-22.1405],[149.8639,-22.1405],[149.8639,-22.0458],[149.9256,-22.0458],[149.9256,-21.9023],[150.0441,-21.9023],[150.0975,-21.9569],[150.1223,-21.9327],[150.1359,-21.9327],[150.1349,-21.9098],[150.1253,-21.9098],[150.1253,-21.728],[149.98,-21.728],[149.98,-21.64],[149.9,-21.64],[149.7033,-21.8564],[149.68,-21.7403],[149.67,-21.7403],[149.66,-21.7303],[149.66,-21.6803],[149.65,-21.6703],[149.65,-21.6453],[149.7448,-21.5532],[149.8551,-21.553],[149.8551,-21.5003],[149.88,-21.5003],[149.8873,-21.4958],[149.8873,-21.4791],[149.9039,-21.4791],[149.9039,-21.4708],[149.9289,-21.4713]],[[149.9243,-21.4762],[149.925,-21.4767],[149.9249,-21.4752],[149.9243,-21.4762]],[[149.9084,-21.4767],[149.9116,-21.4851],[149.9137,-21.4857],[149.914,-21.4831],[149.9084,-21.4767]],[[149.8929,-21.4846],[149.8906,-21.4925],[149.8923,-21.4953],[149.889,-21.4998],[149.8902,-21.501],[149.8937,-21.4991],[149.8944,-21.497],[149.8988,-21.4995],[149.8929,-21.4846]],[[149.9203,-21.4869],[149.9196,-21.4882],[149.9182,-21.4874],[149.918,-21.4891],[149.922,-21.4931],[149.9208,-21.4903],[149.9226,-21.4882],[149.9203,-21.4869]],[[149.911,-21.4929],[149.9105,-21.4913],[149.9072,-21.4955],[149.9096,-21.4982],[149.9087,-21.5014],[149.9116,-21.5044],[149.9151,-21.5034],[149.9161,-21.507],[149.919,-21.5078],[149.9163,-21.5022],[149.9179,-21.4945],[149.9131,-21.4946],[149.911,-21.4929]],[[149.9293,-21.496],[149.9305,-21.4958],[149.9294,-21.4942],[149.9293,-21.496]],[[149.8125,-21.5769],[149.8136,-21.5755],[149.8126,-21.5721],[149.8125,-21.5769]],[[149.8012,-21.5988],[149.7936,-21.6024],[149.7856,-21.6012],[149.7834,-21.6075],[149.7849,-21.6094],[149.7816,-21.6136],[149.7845,-21.614],[149.7882,-21.6097],[149.7904,-21.6098],[149.7903,-21.615],[149.7927,-21.6173],[149.7979,-21.6149],[149.8036,-21.6087],[149.8067,-21.6084],[149.8091,-21.6116],[149.8193,-21.6072],[149.8197,-21.6058],[149.8153,-21.6053],[149.8093,-21.6008],[149.8097,-21.5978],[149.813,-21.5942],[149.8109,-21.5917],[149.8037,-21.5925],[149.8012,-21.5988]],[[149.8634,-21.6008],[149.8639,-21.6059],[149.8677,-21.6082],[149.8703,-21.6078],[149.871,-21.6033],[149.8669,-21.6035],[149.8634,-21.6008]],[[149.8275,-21.6034],[149.8258,-21.6038],[149.8275,-21.6073],[149.8288,-21.6067],[149.8275,-21.6034]],[[149.8268,-21.6011],[149.8258,-21.6012],[149.826,-21.6029],[149.8268,-21.6011]],[[149.7739,-21.6013],[149.7702,-21.6005],[149.7722,-21.6021],[149.7739,-21.6013]],[[150.2475,-21.6184],[150.2478,-21.6308],[150.2454,-21.636],[150.2475,-21.64],[150.2476,-21.6482],[150.2464,-21.6491],[150.2484,-21.652],[150.2504,-21.6509],[150.2495,-21.6529],[150.2477,-21.6523],[150.2466,-21.6544],[150.2435,-21.6543],[150.2427,-21.6558],[150.2425,-21.6642],[150.2448,-21.6704],[150.243,-21.6733],[150.2433,-21.676],[150.2457,-21.6749],[150.2478,-21.6768],[150.2466,-21.6712],[150.2542,-21.6682],[150.2615,-21.6724],[150.2706,-21.6741],[150.2708,-21.6774],[150.2747,-21.6811],[150.2776,-21.6776],[150.2801,-21.6773],[150.2824,-21.679],[150.2866,-21.6771],[150.2838,-21.6752],[150.2839,-21.6734],[150.2871,-21.6723],[150.2868,-21.6704],[150.2891,-21.6689],[150.2949,-21.6681],[150.2982,-21.6702],[150.3003,-21.6695],[150.3025,-21.665],[150.2946,-21.6539],[150.2914,-21.6535],[150.2898,-21.6476],[150.2917,-21.6457],[150.2907,-21.6438],[150.2884,-21.6428],[150.2851,-21.6445],[150.2783,-21.6417],[150.2718,-21.6446],[150.2637,-21.6412],[150.2532,-21.6303],[150.2475,-21.6184]],[[150.3411,-21.6498],[150.3362,-21.6503],[150.3377,-21.6549],[150.3426,-21.653],[150.3426,-21.6483],[150.3411,-21.6498]],[[150.338,-21.6558],[150.3299,-21.6591],[150.3251,-21.6586],[150.3271,-21.6613],[150.3268,-21.6655],[150.3292,-21.665],[150.3286,-21.6672],[150.3361,-21.6679],[150.3372,-21.6733],[150.3412,-21.6747],[150.3404,-21.6728],[150.3425,-21.6719],[150.34,-21.6714],[150.3397,-21.6686],[150.3428,-21.668],[150.3484,-21.6702],[150.3492,-21.6679],[150.3511,-21.6679],[150.3476,-21.6626],[150.3399,-21.6608],[150.34,-21.6564],[150.338,-21.6558]],[[150.2184,-21.6576],[150.2205,-21.6558],[150.223,-21.6572],[150.2252,-21.6537],[150.2208,-21.652],[150.2208,-21.6536],[150.2167,-21.6565],[150.2184,-21.6576]],[[150.2259,-21.6524],[150.2278,-21.6504],[150.227,-21.6492],[150.2259,-21.6524]],[[150.2295,-21.6522],[150.2301,-21.6526],[150.2304,-21.6516],[150.2295,-21.6522]],[[149.8114,-21.6278],[149.8093,-21.6274],[149.8092,-21.6286],[149.8104,-21.6293],[149.8114,-21.6278]],[[149.8003,-21.6241],[149.7995,-21.6243],[149.7998,-21.6253],[149.8003,-21.6241]],[[149.801,-21.6193],[149.7999,-21.6194],[149.8001,-21.6204],[149.801,-21.6193]],[[149.8342,-21.6621],[149.8381,-21.6609],[149.8396,-21.6636],[149.8424,-21.6628],[149.8434,-21.6608],[149.8415,-21.6604],[149.8385,-21.655],[149.8357,-21.6471],[149.8312,-21.6496],[149.8338,-21.6558],[149.8342,-21.6621]],[[149.7784,-21.6778],[149.78,-21.6772],[149.783,-21.6794],[149.7842,-21.6778],[149.7828,-21.6749],[149.7774,-21.6711],[149.7767,-21.6741],[149.7784,-21.6778]],[[149.6703,-21.7172],[149.6704,-21.7184],[149.6722,-21.7182],[149.6727,-21.7163],[149.6703,-21.7172]],[[149.6659,-21.7186],[149.6638,-21.7193],[149.6656,-21.7216],[149.6653,-21.7245],[149.6681,-21.7269],[149.6696,-21.726],[149.6716,-21.7289],[149.6751,-21.7291],[149.6738,-21.725],[149.6702,-21.7225],[149.6675,-21.7229],[149.6659,-21.7186]],[[150.3608,-21.7214],[150.3579,-21.7235],[150.3573,-21.7292],[150.3477,-21.7334],[150.3394,-21.7417],[150.3307,-21.7437],[150.3137,-21.7393],[150.3096,-21.7423],[150.3021,-21.7418],[150.2994,-21.7456],[150.3067,-21.7487],[150.3114,-21.7581],[150.3224,-21.7657],[150.3227,-21.7644],[150.3255,-21.7648],[150.3266,-21.7665],[150.3249,-21.7685],[150.3281,-21.7705],[150.3329,-21.7721],[150.3407,-21.7699],[150.3407,-21.7683],[150.349,-21.7639],[150.347,-21.7613],[150.3441,-21.7611],[150.3452,-21.7568],[150.3495,-21.7527],[150.3461,-21.743],[150.3482,-21.7426],[150.3498,-21.7396],[150.3543,-21.7387],[150.3535,-21.7368],[150.3634,-21.7279],[150.3625,-21.7254],[150.3603,-21.7251],[150.3642,-21.7225],[150.3642,-21.7197],[150.3616,-21.718],[150.3626,-21.7198],[150.3608,-21.7214]],[[150.428,-21.7555],[150.4285,-21.7565],[150.4297,-21.7556],[150.428,-21.7555]],[[150.427,-21.7559],[150.4249,-21.7566],[150.4268,-21.7572],[150.427,-21.7559]],[[150.429,-21.761],[150.4307,-21.7625],[150.4293,-21.76],[150.429,-21.761]],[[150.4382,-21.7619],[150.4364,-21.7624],[150.4369,-21.7642],[150.4413,-21.7645],[150.4409,-21.7626],[150.4382,-21.7619]],[[150.432,-21.7718],[150.4388,-21.7721],[150.4351,-21.7701],[150.432,-21.7718]],[[150.2893,-21.7472],[150.2887,-21.7478],[150.29,-21.7485],[150.2893,-21.7472]],[[150.3191,-21.734],[150.319,-21.7328],[150.317,-21.7335],[150.3174,-21.7348],[150.3191,-21.734]],[[150.1262,-21.9379],[150.1201,-21.939],[150.1261,-21.9413],[150.1289,-21.9376],[150.1264,-21.936],[150.1262,-21.9379]],[[150.6866,-21.9461],[150.6847,-21.9483],[150.6839,-21.9534],[150.682,-21.9541],[150.6859,-21.957],[150.6855,-21.9595],[150.6783,-21.9617],[150.6774,-21.9657],[150.6802,-21.9641],[150.6905,-21.9673],[150.6918,-21.9642],[150.6894,-21.9614],[150.6894,-21.9575],[150.6912,-21.9573],[150.6913,-21.9535],[150.6983,-21.9547],[150.6965,-21.9511],[150.6927,-21.9517],[150.6898,-21.9495],[150.6902,-21.9471],[150.6866,-21.9461]],[[150.702,-21.9512],[150.7009,-21.9532],[150.7023,-21.9526],[150.702,-21.9512]],[[150.1458,-21.9666],[150.1433,-21.9656],[150.1436,-21.9633],[150.1454,-21.9629],[150.1429,-21.9622],[150.1431,-21.9599],[150.1448,-21.9589],[150.1504,-21.961],[150.1467,-21.9581],[150.1417,-21.9569],[150.1398,-21.9588],[150.1396,-21.9652],[150.1429,-21.9702],[150.1432,-21.9751],[150.1399,-21.9775],[150.1427,-21.9797],[150.1478,-21.9789],[150.144,-21.9721],[150.1458,-21.9666]],[[150.1551,-21.9702],[150.1574,-21.9701],[150.1551,-21.9681],[150.1551,-21.9702]],[[150.179,-21.9697],[150.1766,-21.9705],[150.1762,-21.9738],[150.1714,-21.9723],[150.1687,-21.9755],[150.16,-21.9772],[150.1516,-21.9713],[150.1516,-21.9753],[150.1547,-21.98],[150.1609,-21.9794],[150.1651,-21.9855],[150.1646,-21.9882],[150.1669,-21.9896],[150.1658,-21.9922],[150.1681,-21.994],[150.1671,-21.9954],[150.1692,-21.9967],[150.1699,-22.0001],[150.1679,-22.0047],[150.172,-22.0022],[150.1741,-22.0027],[150.1748,-21.9999],[150.178,-22.0012],[150.1802,-21.9996],[150.1819,-21.9925],[150.1812,-21.9899],[150.1781,-21.9888],[150.1802,-21.9858],[150.1784,-21.982],[150.1856,-21.9803],[150.1864,-21.9777],[150.1818,-21.9741],[150.1836,-21.9724],[150.1817,-21.9701],[150.179,-21.9697]],[[150.3819,-21.9725],[150.3836,-21.9713],[150.3807,-21.9702],[150.3819,-21.9725]],[[150.1942,-21.9785],[150.1956,-21.9775],[150.1946,-21.9774],[150.1942,-21.9785]],[[150.586,-21.9812],[150.5852,-21.9841],[150.587,-21.9842],[150.5879,-21.9815],[150.586,-21.9812]],[[150.1899,-21.982],[150.1888,-21.9818],[150.1885,-21.983],[150.1899,-21.982]],[[150.6674,-21.9893],[150.6682,-21.9914],[150.6719,-21.9926],[150.6682,-21.9883],[150.6674,-21.9893]],[[150.376,-22.0003],[150.3778,-22.0003],[150.3818,-22.0047],[150.385,-22.0035],[150.3815,-21.9998],[150.379,-22.0003],[150.3773,-21.9972],[150.376,-21.9976],[150.376,-22.0003]],[[150.6446,-22.0032],[150.6422,-22.0075],[150.6437,-22.0102],[150.6463,-22.0107],[150.6479,-22.0093],[150.6457,-22.0078],[150.6464,-22.0023],[150.6446,-22.0032]],[[150.3854,-22.0111],[150.3834,-22.0097],[150.3826,-22.0125],[150.384,-22.0156],[150.3873,-22.0163],[150.3882,-22.0138],[150.3854,-22.0111]],[[150.3694,-22.0164],[150.3669,-22.0115],[150.3646,-22.0148],[150.3602,-22.0133],[150.3594,-22.0145],[150.3672,-22.023],[150.3713,-22.0253],[150.3745,-22.0222],[150.3694,-22.0164]],[[150.302,-22.0232],[150.2989,-22.0239],[150.2959,-22.0218],[150.2934,-22.0241],[150.29,-22.0243],[150.2924,-22.0279],[150.2942,-22.0281],[150.298,-22.026],[150.3037,-22.0257],[150.302,-22.0232]],[[150.6478,-22.0278],[150.6495,-22.0286],[150.6495,-22.027],[150.6482,-22.0264],[150.6478,-22.0278]],[[150.165,-22.0135],[150.1642,-22.0106],[150.163,-22.0111],[150.1636,-22.0134],[150.165,-22.0135]],[[150.3754,-22.0098],[150.3796,-22.0083],[150.3794,-22.006],[150.3756,-22.0079],[150.3754,-22.0098]],[[150.1323,-22.0014],[150.136,-22.0013],[150.1399,-21.997],[150.1361,-21.9949],[150.1382,-21.9925],[150.1312,-21.9871],[150.1283,-21.9865],[150.1277,-21.9913],[150.1241,-21.9951],[150.1254,-22.0006],[150.1299,-22.0027],[150.1323,-22.0014]],[[150.1429,-21.9929],[150.1441,-21.9928],[150.1425,-21.9921],[150.1429,-21.9929]],[[150.1438,-21.9967],[150.1448,-21.9968],[150.1446,-21.9955],[150.1438,-21.9967]],[[150.155,-21.9828],[150.1536,-21.9832],[150.1541,-21.9845],[150.155,-21.9828]],[[150.1434,-21.9822],[150.1426,-21.9816],[150.1422,-21.9827],[150.1434,-21.9822]],[[150.1341,-21.9537],[150.1326,-21.9543],[150.134,-21.9562],[150.1341,-21.9537]],[[150.1262,-21.9509],[150.1276,-21.9505],[150.1274,-21.9489],[150.1262,-21.9509]],[[150.1202,-21.9489],[150.1205,-21.9479],[150.1182,-21.9467],[150.1202,-21.9489]],[[150.6494,-22.0314],[150.6504,-22.0311],[150.6494,-22.0305],[150.6494,-22.0314]],[[150.4517,-22.0323],[150.4506,-22.0317],[150.4491,-22.0335],[150.4484,-22.0393],[150.4495,-22.0401],[150.4529,-22.037],[150.4517,-22.0323]],[[149.9757,-22.0349],[149.9745,-22.0339],[149.9694,-22.0366],[149.9723,-22.038],[149.9757,-22.0349]],[[150.0981,-22.0471],[150.0987,-22.0465],[150.0982,-22.0454],[150.0981,-22.0471]],[[149.9893,-22.0525],[149.9871,-22.0559],[149.9893,-22.0591],[149.9917,-22.0552],[149.9893,-22.0525]],[[150.6718,-22.0888],[150.6695,-22.0933],[150.6708,-22.0947],[150.674,-22.0945],[150.6744,-22.0913],[150.677,-22.0903],[150.6763,-22.0882],[150.6726,-22.0834],[150.6692,-22.0825],[150.6718,-22.0888]],[[150.0081,-22.1033],[150.0056,-22.1061],[150.003,-22.105],[150.0019,-22.1061],[150.0018,-22.1109],[150.0051,-22.1163],[150.0008,-22.1225],[149.9969,-22.1194],[149.9959,-22.1155],[149.9922,-22.1132],[149.9883,-22.1174],[149.9816,-22.1165],[149.9744,-22.121],[149.9744,-22.1235],[149.9716,-22.1267],[149.9712,-22.1338],[149.9633,-22.1354],[149.9619,-22.1328],[149.9547,-22.1329],[149.9498,-22.1351],[149.947,-22.1402],[149.9368,-22.146],[149.9335,-22.1521],[149.9403,-22.1616],[149.9451,-22.1608],[149.9406,-22.1627],[149.9451,-22.1719],[149.9511,-22.169],[149.9507,-22.1669],[149.9529,-22.1681],[149.9767,-22.1588],[149.9853,-22.1442],[149.9989,-22.1361],[150.0036,-22.1357],[150.0096,-22.1279],[150.0128,-22.129],[150.0212,-22.127],[150.0236,-22.1231],[150.0227,-22.12],[150.0116,-22.1158],[150.0137,-22.1101],[150.0239,-22.1127],[150.0338,-22.1102],[150.0351,-22.1113],[150.0343,-22.1147],[150.0399,-22.1133],[150.0411,-22.1115],[150.0379,-22.1067],[150.0319,-22.1075],[150.0289,-22.1104],[150.0249,-22.1111],[150.0209,-22.1074],[150.0156,-22.1079],[150.0113,-22.1009],[150.0081,-22.1033]],[[149.9365,-22.1639],[149.9311,-22.1557],[149.9297,-22.1587],[149.9316,-22.1653],[149.9358,-22.1667],[149.9365,-22.1639]],[[149.9427,-22.1342],[149.9392,-22.1355],[149.9364,-22.1395],[149.9369,-22.1413],[149.9432,-22.1382],[149.9427,-22.1342]],[[149.9225,-22.1828],[149.9222,-22.1878],[149.9186,-22.1959],[149.9198,-22.198],[149.9321,-22.1892],[149.9307,-22.18],[149.9263,-22.1743],[149.9225,-22.1828]],[[149.9211,-22.1833],[149.9129,-22.1871],[149.91,-22.1832],[149.9103,-22.175],[149.9048,-22.1755],[149.9027,-22.1729],[149.8974,-22.1744],[149.8863,-22.1856],[149.8844,-22.195],[149.8797,-22.2033],[149.88,-22.2056],[149.8721,-22.2124],[149.872,-22.2156],[149.8666,-22.2209],[149.867,-22.2235],[149.8728,-22.2273],[149.8832,-22.2299],[149.89,-22.2348],[149.8957,-22.2355],[149.9011,-22.2336],[149.9113,-22.2212],[149.9157,-22.2055],[149.9188,-22.2015],[149.9168,-22.2005],[149.9212,-22.1876],[149.9211,-22.1833]],[[149.9332,-22.2062],[149.9345,-22.2059],[149.934,-22.2013],[149.9323,-22.2022],[149.9332,-22.2062]],[[149.9386,-22.2245],[149.9407,-22.2218],[149.9412,-22.212],[149.937,-22.2183],[149.9386,-22.2245]],[[149.9092,-22.2301],[149.8967,-22.2493],[149.8985,-22.261],[149.9019,-22.2585],[149.9041,-22.2594],[149.9084,-22.2582],[149.9129,-22.2522],[149.9138,-22.2429],[149.9165,-22.2362],[149.9138,-22.2283],[149.9123,-22.2275],[149.9092,-22.2301]],[[149.9292,-22.2588],[149.9288,-22.2604],[149.9303,-22.2611],[149.9313,-22.2574],[149.9296,-22.257],[149.9292,-22.2588]],[[149.8947,-22.2617],[149.8944,-22.2544],[149.8912,-22.2548],[149.8929,-22.2577],[149.8925,-22.2627],[149.8947,-22.2617]],[[149.8916,-22.2567],[149.8902,-22.2552],[149.8778,-22.2546],[149.8853,-22.264],[149.8923,-22.2621],[149.8916,-22.2567]],[[149.8904,-22.2639],[149.8867,-22.2662],[149.8902,-22.2694],[149.893,-22.2649],[149.8904,-22.2639]],[[149.8854,-22.2541],[149.893,-22.2528],[149.8937,-22.2485],[149.8856,-22.2362],[149.8782,-22.2351],[149.8764,-22.238],[149.877,-22.2486],[149.8804,-22.2523],[149.8854,-22.2541]],[[149.8995,-22.236],[149.8903,-22.2375],[149.8936,-22.2442],[149.8988,-22.2414],[149.9013,-22.2365],[149.8995,-22.236]],[[149.8915,-22.2368],[149.8892,-22.2363],[149.8901,-22.2369],[149.8915,-22.2368]],[[149.9024,-22.2341],[149.9016,-22.2349],[149.902,-22.2354],[149.9024,-22.2341]],[[149.8737,-22.2305],[149.8694,-22.231],[149.874,-22.2323],[149.8758,-22.2315],[149.8737,-22.2305]],[[149.8778,-22.2041],[149.8726,-22.2038],[149.8754,-22.2088],[149.8778,-22.2041]],[[150.0269,-22.1461],[150.0283,-22.1462],[150.0289,-22.1456],[150.0269,-22.1461]],[[150.3589,-22.1903],[150.3598,-22.1886],[150.3581,-22.1865],[150.3589,-22.1903]],[[150.3629,-22.1919],[150.3641,-22.1917],[150.3638,-22.191],[150.3629,-22.1919]],[[150.3581,-22.1943],[150.3621,-22.1949],[150.3591,-22.1933],[150.3581,-22.1943]],[[150.4387,-22.2038],[150.4363,-22.2048],[150.4394,-22.2053],[150.4387,-22.2038]],[[150.3734,-22.2065],[150.3732,-22.2049],[150.3726,-22.2063],[150.3745,-22.2073],[150.3734,-22.2065]],[[150.4723,-22.2072],[150.473,-22.2059],[150.4725,-22.206],[150.4723,-22.2072]],[[150.4381,-22.2144],[150.4379,-22.2153],[150.4392,-22.2149],[150.4381,-22.2144]],[[150.4138,-22.2147],[150.4127,-22.2152],[150.4133,-22.2157],[150.4138,-22.2147]],[[150.3708,-22.2154],[150.3697,-22.2158],[150.3715,-22.2165],[150.3708,-22.2154]],[[150.4209,-22.2198],[150.4221,-22.2207],[150.422,-22.2194],[150.4209,-22.2198]],[[150.4158,-22.2205],[150.4144,-22.2212],[150.4153,-22.2216],[150.4158,-22.2205]],[[150.2677,-22.2258],[150.2611,-22.2272],[150.2621,-22.2287],[150.2713,-22.2317],[150.2754,-22.2292],[150.2724,-22.2262],[150.2677,-22.2258]],[[150.3308,-22.2277],[150.3328,-22.2281],[150.3327,-22.2253],[150.3308,-22.2277]],[[150.3338,-22.2272],[150.3349,-22.2273],[150.3334,-22.2257],[150.3338,-22.2272]],[[150.3345,-22.2306],[150.3354,-22.2308],[150.3347,-22.2291],[150.3345,-22.2306]],[[150.2875,-22.2309],[150.2866,-22.2316],[150.2875,-22.2316],[150.2875,-22.2309]],[[150.314,-22.2331],[150.31,-22.2365],[150.2971,-22.2389],[150.2981,-22.2443],[150.3035,-22.2483],[150.3079,-22.2459],[150.321,-22.2447],[150.3238,-22.2351],[150.314,-22.2331]],[[150.29,-22.2366],[150.2885,-22.2358],[150.2889,-22.2367],[150.29,-22.2366]],[[150.2283,-22.2868],[150.231,-22.287],[150.2287,-22.2846],[150.2283,-22.2868]]]},"properties":{"id":"gbrmpa-zone-755","type":"Habitat Protection Zone","zone":"Dark Blue Zone","color":"#3f6fb0","name":"HP-21-5258","permit":"Northumberland Island Reefs","source":"GBRMPA"}},{"type":"Feature","geometry":{"type":"Polygon","coordinates":[[[149.2808,-20.8152],[149.2847,-20.8178],[149.284,-20.821],[149.2874,-20.8234],[149.2868,-20.8257],[149.2662,-20.8283],[149.2694,-20.8232],[149.273,-20.8231],[149.2745,-20.821],[149.2737,-20.8165],[149.2761,-20.8161],[149.2778,-20.8204],[149.2792,-20.8189],[149.2787,-20.8159],[149.2808,-20.8152]]]},"properties":{"id":"gbrmpa-zone-312","type":"Marine National Park Zone","zone":"Green Zone","color":"#2fae5a","name":"MNP-20-1132","permit":"Brampton Island","source":"GBRMPA"}},{"type":"Feature","geometry":{"type":"Polygon","coordinates":[[[149.0612,-20.19],[149.0612,-20.146],[149.081,-20.146],[149.081,-20.19],[149.0612,-20.19]],[[149.075,-20.1583],[149.0741,-20.1554],[149.0709,-20.1562],[149.075,-20.1613],[149.075,-20.1583]]]},"properties":{"id":"gbrmpa-zone-237","type":"Conservation Park Zone","zone":"Yellow Zone","color":"#e8c23f","name":"CP-20-4079","permit":"Deloraine Island","source":"GBRMPA"}},{"type":"Feature","geometry":{"type":"Polygon","coordinates":[[[149.1175,-20.5983],[149.1168,-20.5991],[149.1162,-20.5985],[149.1175,-20.5983]]]},"properties":{"id":"gbrmpa-zone-664","type":"Commonwealth Islands Zone (GBRMPA)","zone":"Commonwealth Island Zone","color":"#b0b8bd","name":"Coppersmith Rock (20407101)","permit":null,"source":"GBRMPA"}},{"type":"Feature","geometry":{"type":"Polygon","coordinates":[[[148.6255,-20.0139],[148.6274,-20.0154],[148.627,-20.0202],[148.6248,-20.0175],[148.6243,-20.0141],[148.6255,-20.0139]]]},"properties":{"id":"gbrmpa-zone-672","type":"Commonwealth Islands Zone (GBRMPA)","zone":"Commonwealth Island Zone","color":"#b0b8bd","name":"Eshelby Island (20012101)","permit":null,"source":"GBRMPA"}},{"type":"Feature","geometry":{"type":"Polygon","coordinates":[[[149.9142,-21.0248],[149.9123,-21.0243],[149.9114,-21.0216],[149.9142,-21.0248]]]},"properties":{"id":"gbrmpa-zone-686","type":"Commonwealth Islands Zone (GBRMPA)","zone":"Commonwealth Island Zone","color":"#b0b8bd","name":"Penrith Island (21025102)","permit":null,"source":"GBRMPA"}},{"type":"Feature","geometry":{"type":"Polygon","coordinates":[[[148.8663,-20.312],[148.8663,-20.3273],[148.856,-20.3267],[148.856,-20.3174],[148.8533,-20.3162],[148.8474,-20.3201],[148.8477,-20.3251],[148.8507,-20.3279],[148.8504,-20.3333],[148.8475,-20.3355],[148.8441,-20.3346],[148.8452,-20.3374],[148.849,-20.3399],[148.8467,-20.3408],[148.8493,-20.3432],[148.8475,-20.3446],[148.8479,-20.3485],[148.846,-20.3525],[148.8468,-20.3605],[148.8484,-20.3638],[148.8511,-20.3647],[148.8493,-20.371],[148.8532,-20.3733],[148.8514,-20.3809],[148.8542,-20.3861],[148.8501,-20.3861],[148.842,-20.36],[148.8395,-20.3607],[148.8405,-20.3521],[148.8367,-20.348],[148.84,-20.348],[148.84,-20.326],[148.846,-20.312],[148.8663,-20.312]]]},"properties":{"id":"gbrmpa-zone-225","type":"Conservation Park Zone","zone":"Yellow Zone","color":"#e8c23f","name":"CP-20-4084","permit":"Long Island west coast","source":"GBRMPA"}},{"type":"Feature","geometry":{"type":"Polygon","coordinates":[[[150.2062,-19.437],[150.2565,-19.4666],[150.0428,-19.7572],[150.0427,-19.8256],[150.1168,-19.8762],[149.9992,-19.8762],[150.13,-20.11],[150.1881,-20.1681],[150.3001,-20.3903],[150.3001,-20.42],[150.0232,-20.42],[150.0232,-20.2588],[149.8629,-20.2588],[149.8629,-19.7017],[149.75,-19.62],[149.7,-19.66],[149.63,-19.65],[149.61,-19.63],[149.61,-19.59],[149.7885,-19.4115],[149.8811,-19.4591],[149.9894,-19.309],[150.2062,-19.437]],[[149.828,-19.596],[149.828,-19.632],[149.864,-19.632],[149.864,-19.648],[149.892,-19.648],[149.892,-19.62],[149.86,-19.596],[149.828,-19.596]],[[150.116,-20.328],[150.116,-20.364],[150.148,-20.364],[150.152,-20.316],[150.132,-20.316],[150.116,-20.328]],[[149.9639,-20.0958],[149.965,-20.0957],[149.9664,-20.0937],[149.9639,-20.0958]],[[149.958,-19.736],[149.9595,-19.7365],[149.9587,-19.7345],[149.958,-19.736]]]},"properties":{"id":"gbrmpa-zone-248","type":"Marine National Park Zone","zone":"Green Zone","color":"#2fae5a","name":"MNP-19-1098","permit":"Rafter Reef (19-146) to Bax Reef (20-138) mid-shelf transect","source":"GBRMPA"}},{"type":"Feature","geometry":{"type":"Polygon","coordinates":[[[148.8575,-19.7484],[148.8575,-19.8294],[148.96,-19.8294],[148.96,-19.9158],[148.7302,-19.9158],[148.7302,-20.0541],[148.625,-20.0541],[148.57,-20],[148.57,-19.9905],[148.5609,-19.98],[148.55,-19.98],[148.55,-19.9474],[148.5013,-19.9248],[148.5013,-19.6202],[148.7503,-19.6202],[148.8575,-19.6747],[148.8575,-19.7484]],[[148.616,-20.008],[148.616,-20.032],[148.64,-20.032],[148.64,-20.008],[148.616,-20.008]]]},"properties":{"id":"gbrmpa-zone-290","type":"Marine National Park Zone","zone":"Green Zone","color":"#2fae5a","name":"MNP-19-1102","permit":"Lagoon area north-east of Bowen","source":"GBRMPA"}},{"type":"Feature","geometry":{"type":"Polygon","coordinates":[[[149.2733,-20.847],[149.2733,-20.834],[149.2867,-20.834],[149.2867,-20.8537],[149.28,-20.8537],[149.2733,-20.847]]]},"properties":{"id":"gbrmpa-zone-204","type":"Habitat Protection Zone","zone":"Dark Blue Zone","color":"#3f6fb0","name":"HP-20-5221","permit":"Bolton Shoal (20-272)","source":"GBRMPA"}},{"type":"Feature","geometry":{"type":"Polygon","coordinates":[[[149.48,-19.85],[149.58,-19.9],[149.61,-19.98],[149.69,-20.05],[149.7517,-20.062],[149.77,-20.0749],[149.77,-20.1072],[149.8629,-20.1072],[149.8629,-20.2588],[150.0232,-20.2588],[150.0232,-20.42],[150.12,-20.42],[150.12,-20.4927],[150.073,-20.5153],[149.9447,-20.5153],[149.9128,-20.5474],[149.9128,-20.58],[150,-20.6],[150.1125,-20.6123],[150.1617,-20.5874],[150.18,-20.56],[150.26,-20.52],[150.2829,-20.52],[150.3145,-20.479],[150.3145,-20.42],[150.3001,-20.42],[150.3001,-20.3903],[150.1881,-20.1681],[150.13,-20.11],[149.9992,-19.8762],[150.1168,-19.8762],[150.1691,-19.9463],[150.2228,-20.0476],[150.28,-20.12],[150.4765,-20.3017],[150.4458,-20.3017],[150.4458,-20.5243],[150.52,-20.5243],[150.52,-20.5596],[150.58,-20.6196],[150.6,-20.6196],[150.62,-20.5996],[150.66,-20.5996],[150.72,-20.6397],[150.74,-20.7196],[150.8605,-20.8],[150.828,-20.8],[150.8281,-20.788],[150.82,-20.78],[150.8,-20.78],[150.8,-20.8],[150.6908,-20.8],[150.6908,-20.8886],[150.8242,-20.8886],[150.824,-21.04],[150.74,-21.04],[150.74,-21],[150.72,-21],[150.6,-21.14],[150.6,-21.1603],[150.64,-21.2203],[150.72,-21.1603],[150.8317,-21.1601],[150.8321,-21.1848],[150.7706,-21.2094],[150.76,-21.22],[150.76,-21.2356],[150.8512,-21.2049],[150.86,-21.2403],[150.9,-21.2803],[150.9,-21.3],[150.88,-21.32],[150.78,-21.32],[150.72,-21.26],[150.7,-21.28],[150.7,-21.3589],[150.7396,-21.38],[150.84,-21.38],[150.9882,-21.4397],[151.1027,-21.4397],[151.1025,-21.4],[151.1768,-21.4577],[151.1491,-21.4866],[151.1491,-21.5156],[151.3394,-21.5156],[151.3394,-21.6007],[151.0999,-21.6007],[150.8802,-21.4702],[150.6623,-21.4702],[150.4687,-21.2518],[149.9753,-21.2518],[149.9753,-21.5],[149.94,-21.5],[149.9373,-21.4958],[149.9373,-21.4875],[149.9289,-21.4875],[149.9289,-21.4708],[149.9039,-21.4708],[149.9039,-21.4791],[149.8873,-21.4791],[149.8873,-21.4958],[149.88,-21.5003],[149.8551,-21.5003],[149.855,-21.4852],[149.595,-21.485],[149.595,-21.6553],[149.64,-21.6553],[149.65,-21.6456],[149.65,-21.6703],[149.66,-21.6803],[149.66,-21.7303],[149.67,-21.7403],[149.68,-21.7403],[149.7033,-21.8564],[149.6912,-21.8812],[149.6912,-21.918],[149.651,-21.918],[149.651,-21.9036],[149.6259,-21.9036],[149.6259,-21.9421],[149.6373,-21.9421],[149.6373,-22.1815],[149.7131,-22.356],[149.6975,-22.3564],[149.6936,-22.3514],[149.6935,-22.3482],[149.6878,-22.348],[149.6841,-22.3452],[149.6578,-22.3393],[149.6544,-22.3326],[149.6524,-22.3316],[149.6523,-22.3293],[149.6458,-22.3243],[149.6328,-22.304],[149.6306,-22.3026],[149.6302,-22.2981],[149.6032,-22.2723],[149.6032,-22.2703],[149.598,-22.2685],[149.5952,-22.2643],[149.5952,-22.2553],[149.5928,-22.2558],[149.5912,-22.2595],[149.5899,-22.2593],[149.5907,-22.2518],[149.5867,-22.2487],[149.5836,-22.2415],[149.577,-22.2381],[149.5757,-22.2347],[149.5728,-22.2329],[149.5676,-22.2112],[149.5621,-22.2003],[149.5609,-22.194],[149.5624,-22.1917],[149.5552,-22.1905],[149.5567,-22.1834],[149.5748,-22.1834],[149.5748,-22.1714],[149.5883,-22.1714],[149.5883,-22.1469],[149.6015,-22.1609],[149.6141,-22.1609],[149.6141,-22.1468],[149.5808,-22.1134],[149.5764,-22.1134],[149.5764,-22.0332],[149.5199,-22.0332],[149.5191,-22.0308],[149.5216,-22.0316],[149.5231,-22.0304],[149.5224,-22.0246],[149.5155,-22.019],[149.5142,-22.0151],[149.515,-22.013],[149.511,-22.0108],[149.5101,-22.006],[149.4955,-21.9988],[149.4904,-21.993],[149.4857,-21.9806],[149.4826,-21.978],[149.4841,-21.9751],[149.4825,-21.9664],[149.4842,-21.9599],[149.4774,-21.9578],[149.4799,-21.9573],[149.474,-21.9476],[149.4694,-21.9319],[149.465,-21.9296],[149.4632,-21.9268],[149.4658,-21.9259],[149.4642,-21.9095],[149.4613,-21.9108],[149.4594,-21.9087],[149.464,-21.9066],[149.4653,-21.9009],[149.464,-21.8981],[149.4656,-21.899],[149.4617,-21.8834],[149.4617,-21.8758],[149.4646,-21.8573],[149.4682,-21.8458],[149.4716,-21.8405],[149.4646,-21.839],[149.4589,-21.8299],[149.4604,-21.8277],[149.4818,-21.8415],[149.4945,-21.8415],[149.5043,-21.8353],[149.5043,-21.8277],[149.4944,-21.8161],[149.4493,-21.8161],[149.4463,-21.8133],[149.442,-21.8138],[149.4356,-21.8092],[149.4633,-21.8092],[149.4633,-21.7544],[149.4346,-21.7544],[149.4338,-21.7519],[149.4363,-21.7452],[149.4423,-21.7422],[149.4592,-21.7293],[149.4592,-21.7405],[149.474,-21.7523],[149.4856,-21.7523],[149.4856,-21.7189],[149.4742,-21.7038],[149.4619,-21.7039],[149.4619,-21.7129],[149.4584,-21.7138],[149.4572,-21.7121],[149.4572,-21.7072],[149.4523,-21.6879],[149.4551,-21.6852],[149.462,-21.6852],[149.462,-21.67],[149.4499,-21.67],[149.4488,-21.6728],[149.4449,-21.6687],[149.4443,-21.6639],[149.4529,-21.6639],[149.4529,-21.6529],[149.45,-21.65],[149.45,-21.628],[149.4438,-21.6218],[149.451,-21.6071],[149.4594,-21.5994],[149.47,-21.6103],[149.51,-21.6103],[149.51,-21.5899],[149.4867,-21.5899],[149.4947,-21.5504],[149.49,-21.53],[149.49,-21.51],[149.44,-21.5],[149.41,-21.5],[149.41,-21.48],[149.4,-21.48],[149.4,-21.4667],[149.38,-21.4667],[149.38,-21.4966],[149.3725,-21.4987],[149.3697,-21.5017],[149.3625,-21.5046],[149.3531,-21.5036],[149.3542,-21.5002],[149.357,-21.4982],[149.353,-21.4922],[149.3538,-21.4899],[149.3455,-21.4823],[149.3438,-21.4761],[149.3403,-21.4761],[149.3391,-21.4747],[149.3364,-21.4755],[149.3366,-21.4811],[149.3331,-21.4873],[149.3287,-21.4869],[149.3186,-21.4905],[149.3053,-21.5014],[149.2905,-21.5008],[149.2878,-21.4881],[149.2841,-21.4845],[149.2841,-21.476],[149.2925,-21.4749],[149.298,-21.4703],[149.2938,-21.4663],[149.2902,-21.4673],[149.2869,-21.4581],[149.2914,-21.4583],[149.2924,-21.4404],[149.2976,-21.4268],[149.3022,-21.4275],[149.3058,-21.4261],[149.3101,-21.4272],[149.3126,-21.4255],[149.3151,-21.426],[149.3133,-21.4235],[149.3148,-21.4206],[149.3194,-21.4184],[149.3231,-21.4188],[149.3257,-21.4201],[149.3253,-21.4216],[149.3235,-21.4204],[149.325,-21.424],[149.33,-21.4278],[149.33,-21.4383],[149.344,-21.4383],[149.344,-21.428],[149.338,-21.406],[149.326,-21.406],[149.3246,-21.4153],[149.3146,-21.4106],[149.3058,-21.4108],[149.3033,-21.4126],[149.301,-21.412],[149.2954,-21.4162],[149.2847,-21.4108],[149.2812,-21.4105],[149.282,-21.4075],[149.2891,-21.4046],[149.2843,-21.4017],[149.2816,-21.3938],[149.2746,-21.3898],[149.2773,-21.3891],[149.2811,-21.391],[149.2877,-21.3898],[149.292,-21.396],[149.2972,-21.3972],[149.3005,-21.4004],[149.302,-21.3998],[149.3028,-21.3942],[149.3081,-21.3902],[149.3117,-21.3911],[149.3129,-21.3956],[149.3156,-21.3933],[149.3145,-21.392],[149.3343,-21.392],[149.3343,-21.2985],[149.326,-21.2485],[149.2729,-21.1854],[149.28,-21.1803],[149.29,-21.1803],[149.3,-21.1703],[149.3,-21.12],[149.29,-21.11],[149.2746,-21.11],[149.281,-21.0635],[149.142,-20.944],[149.0899,-20.9761],[149.0656,-20.9752],[149.0663,-20.9799],[149.0575,-20.985],[149.0497,-20.9793],[149.0448,-20.984],[149.0422,-20.9901],[149.0357,-20.9887],[149.0312,-20.9908],[149.0318,-20.989],[149.0302,-20.9875],[149.0222,-20.9938],[149.0165,-20.9946],[149.0143,-20.9914],[149.0203,-20.9804],[149.02,-20.976],[149.0159,-20.9721],[149.016,-20.9676],[149.0187,-20.969],[149.0201,-20.9681],[149.0227,-20.9573],[149.0305,-20.9598],[149.0314,-20.9573],[149.0269,-20.9502],[149.0254,-20.9445],[149.0173,-20.9415],[149.0149,-20.938],[149.0133,-20.9388],[149.0124,-20.9357],[149.0204,-20.9275],[149.0287,-20.9236],[149.0304,-20.925],[149.0405,-20.9247],[149.0441,-20.9307],[149.0491,-20.9313],[149.0594,-20.9294],[149.0632,-20.9226],[149.0375,-20.8942],[149.0278,-20.8942],[149.0228,-20.8971],[149.0223,-20.9063],[149.0186,-20.9125],[149.009,-20.9125],[149.005,-20.9146],[149.0051,-20.9124],[148.9954,-20.902],[148.9983,-20.8965],[148.9969,-20.8885],[148.8897,-20.803],[148.8738,-20.82],[148.8839,-20.8302],[148.8838,-20.8448],[148.8768,-20.8448],[148.8768,-20.8599],[148.8749,-20.8646],[148.8625,-20.8693],[148.858,-20.8694],[148.8523,-20.8725],[148.8446,-20.8698],[148.8444,-20.8647],[148.8471,-20.8571],[148.8423,-20.8557],[148.8421,-20.8511],[148.8495,-20.8463],[148.845,-20.8429],[148.8409,-20.8346],[148.8533,-20.8346],[148.8533,-20.82],[148.8467,-20.8133],[148.8328,-20.8133],[148.8328,-20.8221],[148.8243,-20.8213],[148.8211,-20.8261],[148.8194,-20.8192],[148.8121,-20.8151],[148.8122,-20.8045],[148.8199,-20.801],[148.821,-20.7989],[148.8183,-20.7957],[148.8201,-20.7947],[148.8413,-20.795],[148.8413,-20.8],[148.8634,-20.8],[148.8634,-20.7791],[148.8316,-20.7791],[148.829,-20.7766],[148.8107,-20.7719],[148.8107,-20.7243],[148.7584,-20.7243],[148.7521,-20.7235],[148.7485,-20.7207],[148.7431,-20.7204],[148.7254,-20.7143],[148.7305,-20.7131],[148.732,-20.707],[148.7467,-20.707],[148.76,-20.7],[148.7733,-20.7],[148.7733,-20.6867],[148.7667,-20.68],[148.7667,-20.6622],[148.88,-20.6622],[148.88,-20.63],[148.89,-20.61],[148.89,-20.59],[148.87,-20.57],[148.87,-20.544],[148.744,-20.544],[148.744,-20.6622],[148.7236,-20.6621],[148.7236,-20.6551],[148.7263,-20.6485],[148.7306,-20.6466],[148.7324,-20.6431],[148.7317,-20.6414],[148.7363,-20.6416],[148.7344,-20.637],[148.7308,-20.6397],[148.7282,-20.639],[148.7296,-20.6341],[148.7277,-20.6323],[148.7214,-20.6314],[148.713,-20.6359],[148.7036,-20.6363],[148.6957,-20.6326],[148.6936,-20.6264],[148.6893,-20.6221],[148.6862,-20.6068],[148.6838,-20.6056],[148.683,-20.6022],[148.6816,-20.606],[148.6807,-20.6037],[148.6822,-20.6029],[148.6756,-20.6008],[148.6745,-20.5939],[148.6701,-20.5902],[148.67,-20.5871],[148.6683,-20.5859],[148.677,-20.5815],[148.6709,-20.5804],[148.6675,-20.5757],[148.6686,-20.5708],[148.6721,-20.5796],[148.6762,-20.5768],[148.6784,-20.5771],[148.6771,-20.5762],[148.6769,-20.5716],[148.6804,-20.5687],[148.6805,-20.5584],[148.677,-20.5554],[148.677,-20.5526],[148.6807,-20.5503],[148.6808,-20.5573],[148.6813,-20.5557],[148.6858,-20.555],[148.6937,-20.5397],[148.7075,-20.5214],[148.7099,-20.5158],[148.7158,-20.5086],[148.7154,-20.5071],[148.7194,-20.504],[148.7206,-20.4949],[148.7178,-20.4872],[148.7197,-20.4872],[148.719,-20.4851],[148.7218,-20.4848],[148.7187,-20.4835],[148.727,-20.4764],[148.7296,-20.4766],[148.737,-20.4837],[148.7418,-20.4774],[148.7551,-20.4718],[148.7599,-20.4722],[148.7645,-20.4806],[148.7648,-20.4759],[148.7723,-20.4694],[148.7762,-20.4686],[148.7818,-20.4646],[148.7846,-20.4551],[148.7832,-20.4484],[148.7868,-20.4471],[148.7929,-20.4521],[148.7933,-20.4542],[148.7954,-20.4503],[148.7995,-20.4487],[148.8073,-20.4507],[148.81,-20.4561],[148.8144,-20.4558],[148.8156,-20.4608],[148.8236,-20.4689],[148.8225,-20.4803],[148.8268,-20.4871],[148.8251,-20.4942],[148.8218,-20.4963],[148.8249,-20.4983],[148.8251,-20.5003],[148.8278,-20.5021],[148.8326,-20.502],[148.8367,-20.4989],[148.8451,-20.5026],[148.8491,-20.5075],[148.8482,-20.5088],[148.8459,-20.5078],[148.8464,-20.5053],[148.8436,-20.5074],[148.8463,-20.5149],[148.8481,-20.5147],[148.8482,-20.51],[148.8501,-20.5084],[148.8544,-20.511],[148.8522,-20.5107],[148.8522,-20.5151],[148.858,-20.5128],[148.8563,-20.5157],[148.8567,-20.5189],[148.8526,-20.5215],[148.8586,-20.5289],[148.8652,-20.5288],[148.8702,-20.523],[148.8727,-20.5252],[148.8785,-20.522],[148.881,-20.5237],[148.8825,-20.5226],[148.8861,-20.5235],[148.8896,-20.5284],[148.8895,-20.5335],[148.8928,-20.5415],[148.8945,-20.5438],[148.8976,-20.5434],[148.8996,-20.5456],[148.8996,-20.5384],[148.9069,-20.5353],[148.9126,-20.5366],[148.9192,-20.5325],[148.9264,-20.5372],[148.9294,-20.5371],[148.9318,-20.5349],[148.9493,-20.5401],[149.0775,-20.5401],[149.0775,-20.5484],[149.0733,-20.5518],[149.0733,-20.5558],[149.0756,-20.5583],[149.078,-20.5583],[149.078,-20.56],[149.138,-20.56],[149.138,-20.508],[149.14,-20.46],[149.1179,-20.46],[149.1179,-20.388],[149.0014,-20.388],[149.0014,-20.4195],[148.93,-20.4195],[148.93,-20.41],[148.96,-20.38],[148.97,-20.38],[148.97,-20.37],[149.0017,-20.366],[149.004,-20.36],[149.02,-20.3518],[149.02,-20.36],[149.03,-20.36],[149.03,-20.35],[149.19,-20.26],[149.41,-19.82],[149.45,-19.82],[149.48,-19.85]],[[148.8193,-20.5053],[148.8192,-20.5053],[148.8193,-20.5054],[148.8193,-20.5053]],[[148.9259,-20.5415],[148.9255,-20.5416],[148.9257,-20.5419],[148.9259,-20.5415]],[[149.5985,-21.9567],[149.5997,-21.9581],[149.5996,-21.9572],[149.5985,-21.9567]],[[148.8143,-20.4729],[148.8155,-20.4726],[148.8163,-20.4661],[148.8143,-20.4729]],[[148.8086,-20.4869],[148.8077,-20.4897],[148.8095,-20.4913],[148.8086,-20.4869]],[[148.8693,-20.8057],[148.8718,-20.8056],[148.8737,-20.8033],[148.8693,-20.8057]],[[148.8183,-20.5051],[148.8212,-20.5049],[148.8213,-20.503],[148.8176,-20.502],[148.8183,-20.5051]],[[148.8799,-20.7989],[148.8808,-20.7978],[148.8783,-20.7953],[148.8746,-20.798],[148.8769,-20.7972],[148.8799,-20.7989]],[[149.6414,-21.3041],[149.6498,-21.3041],[149.6498,-21.2958],[149.6414,-21.2958],[149.6414,-21.3041]],[[149.4686,-21.6692],[149.4769,-21.6692],[149.4769,-21.6608],[149.4686,-21.6608],[149.4686,-21.6692]],[[149.5287,-21.9617],[149.5301,-21.9535],[149.528,-21.9535],[149.5277,-21.9606],[149.5244,-21.9726],[149.5272,-21.9782],[149.5295,-21.9779],[149.5297,-21.9763],[149.5287,-21.9617]],[[149.2157,-20.7606],[149.2257,-20.7606],[149.2257,-20.7506],[149.2157,-20.7506],[149.2157,-20.7606]],[[149.16,-20.58],[149.16,-20.59],[149.17,-20.59],[149.17,-20.58],[149.16,-20.58]],[[149.22,-20.64],[149.22,-20.65],[149.23,-20.65],[149.23,-20.64],[149.22,-20.64]],[[149.35,-20.9203],[149.36,-20.9203],[149.36,-20.91],[149.35,-20.91],[149.35,-20.9203]],[[149.6248,-21.2625],[149.6248,-21.2708],[149.6373,-21.2708],[149.6373,-21.2625],[149.6248,-21.2625]],[[149.6498,-21.3746],[149.6664,-21.3746],[149.6664,-21.3666],[149.6498,-21.3669],[149.6498,-21.3746]],[[149.176,-20.61],[149.176,-20.622],[149.188,-20.622],[149.188,-20.61],[149.176,-20.61]],[[149.6081,-22.05],[149.6081,-22.0624],[149.6206,-22.0624],[149.6206,-22.05],[149.6081,-22.05]],[[150.2334,-21.1067],[150.2334,-21.12],[150.2467,-21.12],[150.2467,-21.1067],[150.2334,-21.1067]],[[149.18,-20.6067],[149.1933,-20.6067],[149.1933,-20.5933],[149.18,-20.5933],[149.18,-20.6067]],[[149.8164,-21.475],[149.8247,-21.475],[149.8331,-21.467],[149.8331,-21.4583],[149.8247,-21.4583],[149.8164,-21.4666],[149.8164,-21.475]],[[149.22,-20.74],[149.24,-20.74],[149.24,-20.7267],[149.22,-20.7267],[149.22,-20.74]],[[149.8068,-21.4266],[149.8067,-21.44],[149.8267,-21.44],[149.8267,-21.4266],[149.8068,-21.4266]],[[149.4867,-21.48],[149.5,-21.48],[149.5,-21.46],[149.4867,-21.46],[149.4867,-21.48]],[[149.624,-21.67],[149.636,-21.6823],[149.644,-21.6823],[149.644,-21.67],[149.638,-21.6643],[149.624,-21.6643],[149.624,-21.67]],[[149.304,-21.1783],[149.316,-21.1783],[149.316,-21.1703],[149.3219,-21.1647],[149.322,-21.154],[149.31,-21.154],[149.31,-21.162],[149.304,-21.168],[149.304,-21.1783]],[[149.54,-21.0403],[149.56,-21.0403],[149.56,-21.03],[149.55,-21.02],[149.54,-21.02],[149.54,-21.0403]],[[149.6534,-21.48],[149.6734,-21.48],[149.6734,-21.46],[149.66,-21.46],[149.6534,-21.467],[149.6534,-21.48]],[[149.74,-20.5467],[149.7467,-20.5533],[149.76,-20.5533],[149.76,-20.5334],[149.74,-20.5334],[149.74,-20.5467]],[[150.2467,-21.0733],[150.2667,-21.0733],[150.2667,-21.0533],[150.2534,-21.0533],[150.2467,-21.06],[150.2467,-21.0733]],[[149.48,-21.4266],[149.4867,-21.4336],[149.5,-21.4336],[149.5,-21.4133],[149.48,-21.4133],[149.48,-21.4266]],[[149.4467,-21.46],[149.4534,-21.467],[149.4667,-21.467],[149.4667,-21.4467],[149.4467,-21.4467],[149.4467,-21.46]],[[149.7267,-20.9604],[149.7467,-20.9604],[149.7467,-20.94],[149.7334,-20.94],[149.7267,-20.9466],[149.7267,-20.9604]],[[149.2933,-21.0663],[149.3067,-21.0663],[149.3198,-21.0535],[149.3134,-21.0467],[149.2933,-21.0467],[149.2933,-21.0663]],[[150.1867,-20.1133],[150.1934,-20.12],[150.2067,-20.12],[150.2067,-20.0933],[150.1934,-20.0933],[150.1867,-20.1],[150.1867,-20.1133]],[[149.4267,-20.7733],[149.4334,-20.7803],[149.4467,-20.7803],[149.4467,-20.76],[149.44,-20.7533],[149.4267,-20.7533],[149.4267,-20.7733]],[[149.2334,-20.8737],[149.2467,-20.8737],[149.2534,-20.867],[149.2534,-20.8467],[149.24,-20.8467],[149.2334,-20.8533],[149.2334,-20.8737]],[[149.7667,-20.9937],[149.8067,-20.9937],[149.8067,-20.98],[149.7667,-20.98],[149.7667,-20.9937]],[[149.6408,-21.7201],[149.6141,-21.7468],[149.6141,-21.7534],[149.6274,-21.7534],[149.6539,-21.7266],[149.6474,-21.7201],[149.6408,-21.7201]],[[150.68,-20.65],[150.68,-20.67],[150.71,-20.67],[150.71,-20.65],[150.68,-20.65]],[[150.3669,-20.5402],[150.3733,-20.5467],[150.3934,-20.5467],[150.3934,-20.5267],[150.3867,-20.52],[150.3738,-20.52],[150.3669,-20.5271],[150.3669,-20.5402]],[[149.51,-21.91],[149.5,-21.9303],[149.5,-21.95],[149.51,-21.95],[149.5298,-21.91],[149.51,-21.91]],[[149.6134,-20.7533],[149.6067,-20.7667],[149.6067,-20.7867],[149.6267,-20.7867],[149.6333,-20.7803],[149.6333,-20.7667],[149.6267,-20.7533],[149.6134,-20.7533]],[[149.94,-21.1133],[149.9467,-21.1067],[149.9467,-21.1203],[149.96,-21.1203],[149.9667,-21.1137],[149.9734,-21.1137],[149.9734,-21.1],[149.9534,-21.1],[149.9467,-21.1067],[149.9467,-21.0933],[149.9267,-21.0933],[149.9267,-21.1067],[149.9333,-21.1133],[149.94,-21.1133]],[[149.5936,-22.0203],[149.5936,-22.0337],[149.6002,-22.0403],[149.6135,-22.027],[149.6269,-22.027],[149.6269,-22.0067],[149.6291,-22.0067],[149.6291,-21.9958],[149.6208,-21.9958],[149.6208,-22.0067],[149.6069,-22.0067],[149.5936,-22.0203]],[[149.1,-20.593],[149.1096,-20.6024],[149.123,-20.6073],[149.13,-20.6003],[149.13,-20.57],[149.1,-20.57],[149.1,-20.593]],[[149.8334,-21.4333],[149.8334,-21.4533],[149.8667,-21.4533],[149.8667,-21.4603],[149.8734,-21.467],[149.8734,-21.4737],[149.8934,-21.4737],[149.8934,-21.46],[149.8734,-21.4467],[149.8667,-21.4467],[149.8667,-21.44],[149.8533,-21.4333],[149.8334,-21.4333]],[[150.38,-20.7103],[150.38,-20.73],[150.42,-20.73],[150.42,-20.7],[150.39,-20.7],[150.38,-20.7103]],[[150.35,-21.03],[150.36,-21.0403],[150.39,-21.0403],[150.39,-21],[150.35,-21.02],[150.35,-21.03]],[[149.53,-21.6603],[149.53,-21.72],[149.55,-21.72],[149.55,-21.6603],[149.53,-21.6603]],[[149.46,-20.76],[149.48,-20.76],[149.5,-20.7403],[149.48,-20.72],[149.46,-20.72],[149.46,-20.76]],[[149.81,-21.36],[149.81,-21.3711],[149.7998,-21.3916],[149.7998,-21.3999],[149.8081,-21.3999],[149.8165,-21.3836],[149.83,-21.3903],[149.85,-21.3903],[149.85,-21.37],[149.83,-21.36],[149.81,-21.36]],[[149.38,-20.79],[149.4,-20.8003],[149.42,-20.7803],[149.42,-20.77],[149.41,-20.76],[149.38,-20.76],[149.38,-20.79]],[[149.56,-21.81],[149.53,-21.84],[149.53,-21.8603],[149.55,-21.8603],[149.57,-21.8403],[149.57,-21.81],[149.56,-21.81]],[[149.8751,-21.002],[149.889,-21.035],[149.909,-21.035],[149.9229,-21.028],[149.908,-20.991],[149.887,-20.991],[149.8751,-21.002]],[[149.69,-21.48],[149.71,-21.48],[149.71,-21.4704],[149.73,-21.4704],[149.73,-21.44],[149.72,-21.43],[149.7,-21.43],[149.7,-21.45],[149.69,-21.46],[149.69,-21.48]],[[149.61,-21.84],[149.6,-21.87],[149.62,-21.87],[149.64,-21.8503],[149.66,-21.8396],[149.66,-21.82],[149.64,-21.82],[149.62,-21.84],[149.61,-21.84]],[[149.5934,-21.44],[149.6,-21.447],[149.6134,-21.447],[149.62,-21.4336],[149.62,-21.3866],[149.6134,-21.38],[149.6,-21.38],[149.5934,-21.387],[149.5934,-21.44]],[[149.54,-21.7803],[149.5467,-21.787],[149.5533,-21.787],[149.5771,-21.7538],[149.5941,-21.7538],[149.6008,-21.7464],[149.6008,-21.7331],[149.5867,-21.7331],[149.5867,-21.7267],[149.5733,-21.7267],[149.54,-21.7666],[149.54,-21.7803]],[[149.57,-21.95],[149.57,-21.96],[149.56,-21.98],[149.55,-21.98],[149.55,-22],[149.5613,-22],[149.5597,-22.0023],[149.5603,-22.0078],[149.5661,-22.0159],[149.5692,-22.0275],[149.5703,-22.0205],[149.5666,-22.0026],[149.5775,-22.0045],[149.5823,-22.0278],[149.5845,-22.0292],[149.5901,-22.0187],[149.5927,-22.0051],[149.5907,-21.9841],[149.5866,-21.9869],[149.5807,-22.0017],[149.5737,-22.0026],[149.5674,-22],[149.57,-22],[149.59,-21.9812],[149.59,-21.96],[149.58,-21.95],[149.57,-21.95]],[[149.66,-21.2933],[149.6534,-21.3067],[149.6534,-21.3533],[149.6667,-21.3533],[149.7,-21.3337],[149.7067,-21.327],[149.7067,-21.3133],[149.7,-21.3067],[149.68,-21.2933],[149.66,-21.2933]],[[149.5667,-21.4737],[149.5733,-21.4937],[149.5867,-21.4937],[149.5867,-21.4667],[149.58,-21.46],[149.574,-21.46],[149.58,-21.4536],[149.58,-21.38],[149.56,-21.38],[149.5533,-21.3866],[149.5533,-21.453],[149.56,-21.46],[149.5667,-21.46],[149.5667,-21.4737]],[[149.57,-20.8923],[149.633,-20.8923],[149.633,-20.84],[149.5913,-20.84],[149.57,-20.8565],[149.57,-20.8923]],[[149.3789,-20.9506],[149.485,-20.9506],[149.485,-20.891],[149.3789,-20.891],[149.3789,-20.9506]],[[149.2733,-20.847],[149.28,-20.8537],[149.2867,-20.8537],[149.2867,-20.834],[149.313,-20.834],[149.313,-20.7534],[149.2364,-20.7534],[149.2364,-20.834],[149.2733,-20.834],[149.2733,-20.847]],[[150.02,-20.89],[150.02,-21.0335],[150.1003,-21.0335],[150.1003,-20.89],[150.02,-20.89]],[[149.05,-20.6496],[149.16,-20.7596],[149.17,-20.7596],[149.17,-20.7503],[149.2,-20.71],[149.22,-20.71],[149.22,-20.6903],[149.2,-20.67],[149.16,-20.65],[149.15,-20.65],[149.07,-20.61],[149.05,-20.61],[149.05,-20.6496]],[[150.5,-20.9],[150.5,-21.04],[150.46,-21.06],[150.4,-21.06],[150.38,-21.0803],[150.4,-21.1203],[150.48,-21.1603],[150.5,-21.1603],[150.54,-21.1003],[150.6,-21.0203],[150.68,-20.9604],[150.6998,-20.9398],[150.62,-20.88],[150.6,-20.9],[150.5,-20.9]],[[150.4131,-20.5469],[150.32,-20.64],[150.28,-20.64],[150.16,-20.7003],[150.16,-20.7196],[150.18,-20.7196],[150.26,-20.68],[150.36,-20.68],[150.4,-20.64],[150.42,-20.64],[150.4399,-20.6801],[150.444,-20.7581],[150.4417,-20.7874],[150.4081,-20.7874],[150.3498,-20.8083],[150.3039,-20.8375],[150.3039,-20.8586],[150.3498,-20.8586],[150.3498,-20.875],[150.3748,-20.875],[150.44,-20.858],[150.5399,-20.8],[150.5,-20.7196],[150.5,-20.64],[150.48,-20.64],[150.48,-20.6],[150.42,-20.54],[150.4131,-20.5469]]]},"properties":{"id":"gbrmpa-zone-745","type":"General Use Zone","zone":"Light Blue Zone","color":"#7fc3dd","name":"GU-19-6010","permit":null,"source":"GBRMPA"}},{"type":"Feature","geometry":{"type":"Polygon","coordinates":[[[149.8331,-21.467],[149.8247,-21.475],[149.8164,-21.475],[149.8164,-21.4666],[149.8247,-21.4583],[149.8331,-21.4583],[149.8331,-21.467]]]},"properties":{"id":"gbrmpa-zone-176","type":"Habitat Protection Zone","zone":"Dark Blue Zone","color":"#3f6fb0","name":"HP-21-5254","permit":"Beaver Shoal (21-043)","source":"GBRMPA"}},{"type":"Feature","geometry":{"type":"Polygon","coordinates":[[[148.4665,-19.9666],[148.4665,-19.9791],[148.4832,-19.9958],[148.4832,-20.0458],[148.4706,-20.0583],[148.4581,-20.0583],[148.4373,-20.0458],[148.4331,-20.025],[148.4331,-19.9791],[148.4457,-19.9666],[148.4665,-19.9666]],[[148.45,-19.9719],[148.4462,-19.973],[148.4394,-19.9854],[148.4393,-19.9948],[148.4438,-20.0071],[148.4426,-20.0108],[148.4376,-20.0167],[148.4369,-20.0211],[148.4459,-20.0354],[148.4459,-20.0396],[148.4435,-20.0437],[148.4499,-20.0465],[148.4563,-20.0527],[148.459,-20.0507],[148.4646,-20.0523],[148.4732,-20.0508],[148.4761,-20.0469],[148.4749,-20.0409],[148.4767,-20.0342],[148.4754,-20.0331],[148.4761,-20.0247],[148.4733,-20.0216],[148.4751,-20.0198],[148.4744,-20.0172],[148.4756,-20.0155],[148.4744,-20.0144],[148.4769,-20.0139],[148.4781,-20.0106],[148.4761,-20.0058],[148.477,-20.0048],[148.4753,-20.0034],[148.4781,-20.0004],[148.476,-19.9996],[148.4763,-19.9968],[148.4677,-19.9959],[148.4673,-19.9943],[148.4697,-19.9932],[148.4659,-19.9923],[148.4663,-19.9887],[148.4578,-19.9741],[148.45,-19.9719]]]},"properties":{"id":"gbrmpa-zone-270","type":"Conservation Park Zone","zone":"Yellow Zone","color":"#e8c23f","name":"CP-19-4074","permit":"Gloucester Island","source":"GBRMPA"}},{"type":"Feature","geometry":{"type":"Polygon","coordinates":[[[148.8634,-20.7791],[148.8634,-20.8],[148.8413,-20.8],[148.8413,-20.795],[148.8259,-20.795],[148.8249,-20.7926],[148.8257,-20.7908],[148.8318,-20.7899],[148.8384,-20.7927],[148.8411,-20.792],[148.8356,-20.7872],[148.8316,-20.7791],[148.8634,-20.7791]],[[148.8489,-20.7863],[148.8473,-20.787],[148.8506,-20.79],[148.8521,-20.7866],[148.8489,-20.7863]],[[148.8569,-20.7974],[148.8594,-20.7971],[148.8596,-20.7948],[148.857,-20.7956],[148.8537,-20.794],[148.8569,-20.7974]],[[148.853,-20.7841],[148.8562,-20.7852],[148.8572,-20.7836],[148.8552,-20.7821],[148.853,-20.7841]],[[148.8439,-20.7926],[148.8463,-20.7929],[148.8458,-20.7922],[148.8439,-20.7926]]]},"properties":{"id":"gbrmpa-zone-316","type":"Marine National Park Zone","zone":"Green Zone","color":"#2fae5a","name":"MNP-20-1131","permit":"Brothers Islands/Stewart Peninsular","source":"GBRMPA"}},{"type":"Feature","geometry":{"type":"Polygon","coordinates":[[[149.07,-20.61],[149.15,-20.65],[149.16,-20.65],[149.2,-20.67],[149.22,-20.6903],[149.22,-20.71],[149.2,-20.71],[149.17,-20.7503],[149.17,-20.7596],[149.16,-20.7596],[149.05,-20.6496],[149.05,-20.61],[149.07,-20.61]],[[149.1531,-20.6631],[149.1362,-20.6719],[149.1353,-20.6867],[149.1395,-20.6916],[149.1377,-20.6937],[149.1387,-20.6963],[149.1428,-20.694],[149.1453,-20.696],[149.146,-20.6936],[149.1499,-20.6932],[149.1503,-20.6877],[149.156,-20.6857],[149.1572,-20.6856],[149.1584,-20.6908],[149.1729,-20.6908],[149.173,-20.675],[149.1656,-20.675],[149.1623,-20.6712],[149.1656,-20.6671],[149.1636,-20.6671],[149.1626,-20.6648],[149.1565,-20.6651],[149.1531,-20.6631]],[[149.1738,-20.6745],[149.1783,-20.6756],[149.1773,-20.6784],[149.1839,-20.6816],[149.1826,-20.6847],[149.1843,-20.6884],[149.187,-20.6886],[149.1892,-20.6909],[149.1892,-20.6985],[149.2015,-20.708],[149.215,-20.708],[149.215,-20.692],[149.2083,-20.6914],[149.2059,-20.6927],[149.2017,-20.6891],[149.2016,-20.6867],[149.1998,-20.6868],[149.2,-20.673],[149.1932,-20.6727],[149.1826,-20.6677],[149.1733,-20.6724],[149.1738,-20.6745]],[[149.0633,-20.6364],[149.0664,-20.6416],[149.0725,-20.6447],[149.0728,-20.6478],[149.0765,-20.6494],[149.0775,-20.645],[149.073,-20.6428],[149.0742,-20.6385],[149.0715,-20.6375],[149.0717,-20.6361],[149.0686,-20.6356],[149.0667,-20.6266],[149.0621,-20.6253],[149.0563,-20.6187],[149.0556,-20.6273],[149.0633,-20.6364]],[[149.0765,-20.6521],[149.0838,-20.6623],[149.0863,-20.6637],[149.0897,-20.6611],[149.0804,-20.6504],[149.0766,-20.6496],[149.0765,-20.6521]],[[149.063,-20.6485],[149.0599,-20.6425],[149.0535,-20.638],[149.0536,-20.6429],[149.0577,-20.6491],[149.0629,-20.6522],[149.063,-20.6485]],[[149.1618,-20.7552],[149.163,-20.7558],[149.1638,-20.7508],[149.1621,-20.7495],[149.1587,-20.7503],[149.1618,-20.7552]],[[149.147,-20.7025],[149.1442,-20.7021],[149.1426,-20.7],[149.1394,-20.7035],[149.1434,-20.705],[149.147,-20.7025]],[[149.1519,-20.654],[149.1549,-20.6536],[149.1529,-20.6505],[149.1501,-20.6523],[149.1519,-20.654]],[[149.1375,-20.716],[149.1388,-20.716],[149.141,-20.7108],[149.137,-20.7139],[149.1375,-20.716]],[[149.0634,-20.6153],[149.0662,-20.6156],[149.0668,-20.6144],[149.0626,-20.6123],[149.0619,-20.6135],[149.0634,-20.6153]],[[149.0706,-20.6632],[149.07,-20.6612],[149.0692,-20.6622],[149.0706,-20.6632]],[[149.0723,-20.6254],[149.0715,-20.6262],[149.0735,-20.6263],[149.0723,-20.6254]],[[149.0973,-20.6806],[149.0975,-20.6828],[149.0981,-20.6817],[149.0973,-20.6806]],[[149.1431,-20.7054],[149.1423,-20.7051],[149.1427,-20.7069],[149.1431,-20.7054]]]},"properties":{"id":"gbrmpa-zone-333","type":"Habitat Protection Zone","zone":"Dark Blue Zone","color":"#3f6fb0","name":"HP-20-5207","permit":"Sir James Smith Islands Reefs","source":"GBRMPA"}},{"type":"Feature","geometry":{"type":"Polygon","coordinates":[[[148.818,-20.2087],[148.836,-20.2297],[148.836,-20.2502],[148.8538,-20.2502],[148.8538,-20.257],[148.859,-20.257],[148.859,-20.2709],[148.8466,-20.2709],[148.8447,-20.2678],[148.8454,-20.2655],[148.8484,-20.2648],[148.8503,-20.2621],[148.8494,-20.2567],[148.8467,-20.2569],[148.8387,-20.2621],[148.8388,-20.2604],[148.8379,-20.262],[148.835,-20.2606],[148.8316,-20.2542],[148.8293,-20.2567],[148.8286,-20.2638],[148.8317,-20.2665],[148.8297,-20.267],[148.8298,-20.2703],[148.8256,-20.2709],[148.8291,-20.2789],[148.8263,-20.2844],[148.8308,-20.2847],[148.8333,-20.2815],[148.8338,-20.2897],[148.8213,-20.2897],[148.8213,-20.2725],[148.8078,-20.2635],[148.8078,-20.2277],[148.8025,-20.2157],[148.8025,-20.2087],[148.818,-20.2087]],[[148.8095,-20.214],[148.8095,-20.2177],[148.8179,-20.2295],[148.8222,-20.239],[148.8253,-20.2421],[148.8296,-20.2424],[148.8298,-20.2363],[148.8256,-20.2253],[148.811,-20.2138],[148.8095,-20.214]],[[148.8149,-20.2514],[148.8125,-20.2532],[148.812,-20.2582],[148.8143,-20.2607],[148.8144,-20.2539],[148.8165,-20.2519],[148.8149,-20.2514]],[[148.8298,-20.2454],[148.8289,-20.2473],[148.8315,-20.2532],[148.8298,-20.2454]],[[148.8536,-20.2644],[148.8512,-20.265],[148.8524,-20.2702],[148.8536,-20.2644]]]},"properties":{"id":"gbrmpa-zone-233","type":"Conservation Park Zone","zone":"Yellow Zone","color":"#e8c23f","name":"CP-20-4080","permit":"Molle Islands Group","source":"GBRMPA"}},{"type":"Feature","geometry":{"type":"Polygon","coordinates":[[[149.4529,-21.6529],[149.4529,-21.6639],[149.4443,-21.6639],[149.4431,-21.6595],[149.4472,-21.6621],[149.4489,-21.661],[149.4484,-21.659],[149.4424,-21.6566],[149.4399,-21.6532],[149.4396,-21.6442],[149.4381,-21.6414],[149.4438,-21.6218],[149.45,-21.628],[149.45,-21.65],[149.4529,-21.6529]]]},"properties":{"id":"gbrmpa-zone-164","type":"Habitat Protection Zone","zone":"Dark Blue Zone","color":"#3f6fb0","name":"HP-21-5266","permit":"Marion coastal area","source":"GBRMPA"}},{"type":"Feature","geometry":{"type":"Polygon","coordinates":[[[149.3343,-21.3098],[149.3343,-21.392],[149.3145,-21.392],[149.3133,-21.3902],[149.3137,-21.383],[149.3162,-21.3786],[149.3178,-21.3693],[149.3135,-21.3712],[149.313,-21.3728],[149.3108,-21.3727],[149.3085,-21.3686],[149.3076,-21.3618],[149.3092,-21.3577],[149.3142,-21.3588],[149.3141,-21.3548],[149.3131,-21.3531],[149.309,-21.3524],[149.3089,-21.3496],[149.3046,-21.3456],[149.3014,-21.3455],[149.2959,-21.3411],[149.2972,-21.3365],[149.3004,-21.335],[149.2959,-21.3284],[149.2929,-21.3194],[149.2943,-21.3141],[149.2942,-21.3002],[149.2928,-21.2984],[149.3343,-21.2985],[149.3343,-21.3098]],[[149.3211,-21.3235],[149.3236,-21.3236],[149.3236,-21.3211],[149.3211,-21.3235]]]},"properties":{"id":"gbrmpa-zone-187","type":"Habitat Protection Zone","zone":"Dark Blue Zone","color":"#3f6fb0","name":"HP-21-5243","permit":"Sarina coastal area: Victor Island Reef (21-015 and 21-016)","source":"GBRMPA"}},{"type":"Feature","geometry":{"type":"Polygon","coordinates":[[[148.9969,-20.8937],[148.9948,-20.8926],[148.9917,-20.8956],[148.9883,-20.8918],[148.9834,-20.8921],[148.9817,-20.8977],[148.9828,-20.9004],[148.977,-20.9019],[148.9716,-20.9012],[148.9655,-20.8983],[148.9592,-20.8921],[148.9555,-20.8776],[148.9528,-20.8777],[148.9512,-20.876],[148.9494,-20.8788],[148.9461,-20.8796],[148.9405,-20.8849],[148.936,-20.8865],[148.9284,-20.8841],[148.9235,-20.8891],[148.918,-20.887],[148.9059,-20.8868],[148.9029,-20.8859],[148.9006,-20.883],[148.8962,-20.8831],[148.8903,-20.8774],[148.8904,-20.8658],[148.8876,-20.8613],[148.8925,-20.8628],[148.8839,-20.8575],[148.8871,-20.8526],[148.8839,-20.8493],[148.8839,-20.8302],[148.8738,-20.82],[148.8897,-20.803],[148.9969,-20.8885],[148.9969,-20.8937]],[[148.9046,-20.8577],[148.9165,-20.854],[148.9141,-20.8491],[148.9075,-20.8431],[148.907,-20.8382],[148.9086,-20.8351],[148.9051,-20.8336],[148.9043,-20.8299],[148.9053,-20.8289],[148.9031,-20.8257],[148.8978,-20.8298],[148.8907,-20.8282],[148.8908,-20.8401],[148.8947,-20.8513],[148.9017,-20.848],[148.9009,-20.8465],[148.9048,-20.8477],[148.902,-20.8478],[148.8956,-20.8538],[148.9006,-20.8575],[148.9046,-20.8577]],[[148.9383,-20.8663],[148.9457,-20.8663],[148.9457,-20.8573],[148.9238,-20.8573],[148.9238,-20.8663],[148.9383,-20.8663]],[[148.9289,-20.8518],[148.918,-20.8468],[148.9192,-20.8527],[148.9174,-20.8564],[148.9201,-20.8577],[148.9282,-20.8553],[148.9289,-20.8518]],[[148.9326,-20.8436],[148.9281,-20.8481],[148.9317,-20.8494],[148.9311,-20.8539],[148.9337,-20.855],[148.9379,-20.8527],[148.9366,-20.8482],[148.9346,-20.8469],[148.9345,-20.8434],[148.9326,-20.8436]],[[148.9027,-20.8666],[148.9027,-20.8655],[148.8958,-20.864],[148.8991,-20.8669],[148.9027,-20.8666]],[[148.961,-20.8694],[148.9582,-20.8734],[148.9604,-20.8724],[148.961,-20.8694]],[[148.9604,-20.8659],[148.9611,-20.8661],[148.9611,-20.8649],[148.9604,-20.8659]]]},"properties":{"id":"gbrmpa-zone-734","type":"Conservation Park Zone","zone":"Yellow Zone","color":"#e8c23f","name":"CP-20-4092","permit":"Seaforth area","source":"GBRMPA"}},{"type":"Feature","geometry":{"type":"Polygon","coordinates":[[[148.9154,-20.1244],[148.916,-20.1328],[148.9143,-20.1345],[148.9182,-20.1369],[148.9152,-20.1371],[148.9131,-20.1398],[148.9112,-20.1495],[148.9081,-20.1511],[148.9062,-20.1618],[148.903,-20.1639],[148.9023,-20.1665],[148.9052,-20.1647],[148.91,-20.1691],[148.9109,-20.1718],[148.9137,-20.1724],[148.9146,-20.1753],[148.8882,-20.1698],[148.8923,-20.1618],[148.8966,-20.16],[148.9001,-20.1545],[148.8998,-20.1508],[148.9031,-20.1502],[148.9034,-20.1482],[148.9011,-20.1472],[148.9005,-20.1393],[148.9035,-20.138],[148.9058,-20.1438],[148.9088,-20.1396],[148.9128,-20.1265],[148.9154,-20.1244]]]},"properties":{"id":"gbrmpa-zone-239","type":"Conservation Park Zone","zone":"Yellow Zone","color":"#e8c23f","name":"CP-20-4078","permit":"Nara Inlet","source":"GBRMPA"}},{"type":"Feature","geometry":{"type":"Polygon","coordinates":[[[149.908,-20.991],[149.9229,-21.028],[149.909,-21.035],[149.889,-21.035],[149.8751,-21.002],[149.887,-20.991],[149.908,-20.991]],[[149.9013,-21.0039],[149.8957,-21.0044],[149.8951,-21.0088],[149.9005,-21.014],[149.8961,-21.0183],[149.8996,-21.0212],[149.9001,-21.0174],[149.9026,-21.0163],[149.9072,-21.0196],[149.9109,-21.0201],[149.9119,-21.019],[149.9109,-21.013],[149.9062,-21.0037],[149.905,-21.0027],[149.9013,-21.0039]],[[149.9127,-21.0247],[149.9146,-21.024],[149.9114,-21.0216],[149.9127,-21.0247]]]},"properties":{"id":"gbrmpa-zone-141","type":"Conservation Park Zone","zone":"Yellow Zone","color":"#e8c23f","name":"CP-20-4095","permit":"Penrith Island Reef (21-025)","source":"GBRMPA"}},{"type":"Feature","geometry":{"type":"Polygon","coordinates":[[[149.0375,-20.8942],[149.0465,-20.9035],[149.0405,-20.904],[149.0367,-20.9],[149.0304,-20.8979],[149.0243,-20.901],[149.0227,-20.9041],[149.0228,-20.8971],[149.0278,-20.8942],[149.0375,-20.8942]]]},"properties":{"id":"gbrmpa-zone-150","type":"Marine National Park Zone","zone":"Green Zone","color":"#2fae5a","name":"MNP-20-1136","permit":"Cape Hillsborough","source":"GBRMPA"}},{"type":"Feature","geometry":{"type":"Polygon","coordinates":[[[148.9642,-20.0563],[148.9642,-20.0612],[148.9628,-20.0619],[148.9597,-20.0615],[148.9584,-20.0593],[148.9579,-20.0611],[148.9535,-20.0618],[148.9499,-20.0662],[148.9438,-20.0632],[148.9405,-20.0644],[148.9395,-20.0696],[148.9331,-20.0684],[148.9299,-20.0772],[148.9278,-20.076],[148.9271,-20.0722],[148.926,-20.0823],[148.9201,-20.073],[148.9202,-20.0689],[148.9234,-20.0635],[148.9226,-20.0563],[148.9642,-20.0563]]]},"properties":{"id":"gbrmpa-zone-193","type":"Marine National Park Zone","zone":"Green Zone","color":"#2fae5a","name":"MNP-20-1112","permit":"Butterfly Bay to Pinnacle Bay, Hook Island","source":"GBRMPA"}},{"type":"Feature","geometry":{"type":"Polygon","coordinates":[[[149.4769,-21.6692],[149.4686,-21.6692],[149.4686,-21.6608],[149.4769,-21.6608],[149.4769,-21.6692]]]},"properties":{"id":"gbrmpa-zone-156","type":"Habitat Protection Zone","zone":"Dark Blue Zone","color":"#3f6fb0","name":"HP-21-5275","permit":"Marion Rock (21-311)","source":"GBRMPA"}},{"type":"Feature","geometry":{"type":"Polygon","coordinates":[[[149.0111,-20.2342],[149.0113,-20.2326],[149.0082,-20.2337],[149.0028,-20.2376],[148.9992,-20.2435],[148.9906,-20.2518],[148.9946,-20.2414],[148.9966,-20.2288],[148.9902,-20.2281],[148.989,-20.2242],[148.9923,-20.2168],[148.9938,-20.2156],[148.9974,-20.2164],[148.997,-20.2111],[148.9989,-20.2105],[148.997,-20.2091],[148.9975,-20.2045],[148.9934,-20.2022],[148.9897,-20.2038],[148.9831,-20.2031],[148.9789,-20.2051],[148.9763,-20.2044],[148.9758,-20.1998],[148.9784,-20.1917],[148.9845,-20.1854],[148.9799,-20.1855],[148.9803,-20.1822],[148.9774,-20.1823],[148.9736,-20.1756],[148.9738,-20.1725],[148.9757,-20.1731],[148.9787,-20.17],[148.9789,-20.1639],[148.9775,-20.1607],[148.9622,-20.1552],[148.9559,-20.158],[148.959,-20.1694],[148.9572,-20.1749],[148.9596,-20.1769],[148.9583,-20.1811],[148.9604,-20.1874],[148.9565,-20.1915],[148.9573,-20.1944],[148.9546,-20.1975],[148.9536,-20.2021],[148.9559,-20.2066],[148.9531,-20.2067],[148.9541,-20.2116],[148.9527,-20.2191],[148.9486,-20.2185],[148.9507,-20.2213],[148.9481,-20.2219],[148.9452,-20.2281],[148.9419,-20.2277],[148.9405,-20.2251],[148.9397,-20.234],[148.9378,-20.2379],[148.902,-20.253],[148.902,-20.2715],[148.907,-20.2815],[148.907,-20.295],[148.9155,-20.295],[148.9155,-20.3309],[148.942,-20.3309],[148.942,-20.356],[148.94,-20.364],[148.948,-20.38],[148.956,-20.384],[148.93,-20.41],[148.9,-20.366],[148.8775,-20.366],[148.8663,-20.3409],[148.8663,-20.312],[148.846,-20.312],[148.84,-20.326],[148.84,-20.348],[148.8367,-20.348],[148.8269,-20.3383],[148.8242,-20.3385],[148.8198,-20.3448],[148.8135,-20.3394],[148.8156,-20.339],[148.8157,-20.3369],[148.8174,-20.3365],[148.8178,-20.3346],[148.8203,-20.3346],[148.8226,-20.331],[148.821,-20.3269],[148.8157,-20.3208],[148.8106,-20.3208],[148.8066,-20.318],[148.8018,-20.3209],[148.7923,-20.3194],[148.7919,-20.3174],[148.7944,-20.3151],[148.7717,-20.2999],[148.7713,-20.2955],[148.7684,-20.2935],[148.7671,-20.2894],[148.7704,-20.288],[148.7753,-20.2911],[148.7797,-20.2896],[148.7861,-20.2938],[148.7885,-20.2919],[148.7881,-20.2889],[148.7942,-20.2911],[148.7906,-20.2832],[148.791,-20.279],[148.7944,-20.2831],[148.8016,-20.2793],[148.8006,-20.2778],[148.7976,-20.2783],[148.7946,-20.2753],[148.7927,-20.2772],[148.789,-20.2768],[148.7838,-20.2715],[148.7795,-20.2748],[148.7777,-20.274],[148.7751,-20.2617],[148.7769,-20.2559],[148.7738,-20.2467],[148.7737,-20.2419],[148.7705,-20.2397],[148.7696,-20.2357],[148.7652,-20.2348],[148.7632,-20.2321],[148.7616,-20.2347],[148.7531,-20.2349],[148.7531,-20.22],[148.76,-20.22],[148.8401,-20.1],[148.8401,-20.0541],[148.7302,-20.0541],[148.7302,-19.9158],[148.96,-19.9158],[148.96,-19.8294],[149.156,-19.8294],[149.186,-19.84],[149.22,-19.84],[149.258,-19.83],[149.258,-19.8119],[149.2721,-19.8119],[149.2821,-19.804],[149.2841,-19.77],[149.2641,-19.748],[149.2501,-19.748],[149.1998,-19.7035],[149.1927,-19.7216],[149.1808,-19.7301],[149.1654,-19.7299],[149.16,-19.738],[149.146,-19.738],[149.14,-19.732],[149.14,-19.72],[149.21,-19.62],[149.1328,-19.5878],[148.96,-19.5878],[148.96,-19.57],[149.01,-19.57],[149.01,-19.53],[148.97,-19.49],[148.92,-19.51],[148.92,-19.55],[148.8701,-19.55],[148.7301,-19.54],[148.6303,-19.4502],[148.6202,-19.3596],[148.6816,-19.3292],[148.7404,-19.2699],[148.84,-19.2699],[148.84,-19.32],[148.8968,-19.3806],[148.9554,-19.3806],[149.0253,-19.2544],[149.1848,-19.2544],[149.4452,-19.2351],[149.7885,-19.4115],[149.61,-19.59],[149.61,-19.63],[149.63,-19.65],[149.7,-19.66],[149.75,-19.62],[149.8629,-19.7017],[149.8629,-20.1072],[149.77,-20.1072],[149.77,-20.0749],[149.7517,-20.062],[149.69,-20.05],[149.61,-19.98],[149.58,-19.9],[149.48,-19.85],[149.45,-19.82],[149.41,-19.82],[149.19,-20.26],[149.1334,-20.2918],[149.1334,-20.238],[149.052,-20.238],[149.052,-20.2265],[149.0359,-20.2265],[149.0359,-20.238],[149.0262,-20.238],[149.0268,-20.2349],[149.0227,-20.2361],[149.0222,-20.2401],[149.0142,-20.2512],[149.0051,-20.2554],[149.0057,-20.258],[149.0034,-20.255],[148.9994,-20.2589],[149.0027,-20.2558],[149.0039,-20.2478],[149.0091,-20.2441],[149.0082,-20.2418],[149.0122,-20.2349],[149.0111,-20.2342]],[[149.1517,-20.2385],[149.1518,-20.2385],[149.1518,-20.2385],[149.1517,-20.2385]],[[149.0116,-20.233],[149.0115,-20.233],[149.0116,-20.2331],[149.0116,-20.233]],[[149.0109,-20.2327],[149.0107,-20.2331],[149.011,-20.2328],[149.0109,-20.2327]],[[148.9845,-20.1867],[148.9843,-20.1867],[148.9845,-20.1871],[148.9845,-20.1867]],[[149.1571,-20.2381],[149.1568,-20.238],[149.157,-20.2385],[149.1571,-20.2381]],[[149.1567,-20.2395],[149.157,-20.2397],[149.157,-20.239],[149.1567,-20.2395]],[[149.1149,-20.1981],[149.1148,-20.1984],[149.1154,-20.1986],[149.1149,-20.1981]],[[148.7704,-20.2332],[148.77,-20.2337],[148.7701,-20.2346],[148.7704,-20.2332]],[[149.1839,-20.2542],[149.1846,-20.2553],[149.1843,-20.2541],[149.1839,-20.2542]],[[148.8095,-20.3025],[148.8104,-20.3024],[148.8098,-20.3018],[148.8095,-20.3025]],[[148.939,-20.357],[148.9398,-20.357],[148.9391,-20.3563],[148.939,-20.357]],[[149.179,-20.2543],[149.1786,-20.2551],[149.1792,-20.2555],[149.179,-20.2543]],[[148.9371,-20.3441],[148.9377,-20.3433],[148.9368,-20.3434],[148.9371,-20.3441]],[[149.1147,-20.1979],[149.1158,-20.1974],[149.1143,-20.1972],[149.1147,-20.1979]],[[148.9385,-20.3347],[148.94,-20.3341],[148.9389,-20.3338],[148.9385,-20.3347]],[[148.9403,-20.3572],[148.9406,-20.3591],[148.9412,-20.3582],[148.9403,-20.3572]],[[149.3541,-19.6929],[149.352,-19.6939],[149.354,-19.694],[149.3541,-19.6929]],[[149.7787,-19.6902],[149.7775,-19.6897],[149.7774,-19.6916],[149.7787,-19.6902]],[[149.3944,-19.6798],[149.393,-19.68],[149.3953,-19.6812],[149.3944,-19.6798]],[[149.1425,-20.2321],[149.1417,-20.235],[149.1429,-20.2345],[149.1425,-20.2321]],[[149.1423,-20.2283],[149.1441,-20.2283],[149.1425,-20.2259],[149.1423,-20.2283]],[[149.1607,-20.235],[149.1599,-20.237],[149.1623,-20.238],[149.1607,-20.235]],[[149.1565,-20.238],[149.1535,-20.2368],[149.1504,-20.2396],[149.1545,-20.2448],[149.1566,-20.2425],[149.1565,-20.238]],[[149.1738,-20.2421],[149.1697,-20.2486],[149.172,-20.2521],[149.1763,-20.2509],[149.1775,-20.2527],[149.1786,-20.2494],[149.1744,-20.2475],[149.1738,-20.2421]],[[148.796,-20.2868],[148.7944,-20.2877],[148.7962,-20.2887],[148.795,-20.292],[148.788,-20.2935],[148.788,-20.2995],[148.796,-20.3048],[148.8085,-20.3048],[148.8085,-20.2928],[148.8015,-20.2928],[148.796,-20.2868]],[[148.926,-20.3387],[148.9246,-20.3389],[148.9276,-20.342],[148.9259,-20.3467],[148.9287,-20.3486],[148.9259,-20.3535],[148.928,-20.3591],[148.9281,-20.3692],[148.9394,-20.3819],[148.9414,-20.3762],[148.9362,-20.3664],[148.938,-20.3574],[148.9354,-20.3502],[148.9359,-20.3396],[148.9304,-20.3391],[148.9285,-20.3369],[148.926,-20.3387]],[[148.8025,-20.2157],[148.8078,-20.2277],[148.8078,-20.2635],[148.8213,-20.2725],[148.8213,-20.2897],[148.859,-20.2897],[148.859,-20.257],[148.8538,-20.257],[148.8538,-20.2502],[148.836,-20.2502],[148.836,-20.2297],[148.818,-20.2087],[148.8025,-20.2087],[148.8025,-20.2157]],[[148.999,-20.19],[149.081,-20.19],[149.081,-20.146],[148.999,-20.146],[148.999,-20.19]],[[148.9518,-20.1557],[148.9571,-20.1074],[148.9547,-20.1021],[148.9565,-20.1011],[148.9559,-20.0982],[148.9598,-20.0955],[148.9564,-20.0922],[148.9551,-20.0942],[148.9491,-20.0934],[148.9475,-20.0911],[148.9498,-20.0917],[148.9506,-20.0889],[148.9477,-20.0853],[148.9486,-20.0832],[148.9506,-20.0835],[148.9503,-20.0806],[148.9526,-20.0827],[148.955,-20.0802],[148.9579,-20.0798],[148.9589,-20.0728],[148.9573,-20.0709],[148.9596,-20.0692],[148.9674,-20.0717],[148.9686,-20.0706],[148.9682,-20.0677],[148.9648,-20.0668],[148.9632,-20.0633],[148.9642,-20.0563],[148.9032,-20.0563],[148.9032,-20.0348],[148.8806,-20.0348],[148.87,-20.06],[148.8621,-20.0914],[148.89,-20.11],[148.888,-20.1188],[148.8839,-20.1225],[148.8873,-20.1277],[148.885,-20.1309],[148.886,-20.1349],[148.8843,-20.1385],[148.8857,-20.142],[148.8824,-20.1622],[148.8851,-20.159],[148.8873,-20.1616],[148.8878,-20.17],[148.9153,-20.1758],[148.9141,-20.1702],[148.9201,-20.1626],[148.9189,-20.1578],[148.9211,-20.1563],[148.9199,-20.1521],[148.9207,-20.1458],[148.9225,-20.1445],[148.9242,-20.1386],[148.9309,-20.1328],[148.9322,-20.1369],[148.9293,-20.1405],[148.9323,-20.1458],[148.9294,-20.1478],[148.9298,-20.1519],[148.9344,-20.155],[148.935,-20.1576],[148.9328,-20.1607],[148.9283,-20.1613],[148.9263,-20.1689],[148.9311,-20.1784],[148.9328,-20.178],[148.9342,-20.1728],[148.9371,-20.1721],[148.9429,-20.1657],[148.9449,-20.1588],[148.9474,-20.158],[148.9482,-20.1606],[148.9518,-20.1557]]]},"properties":{"id":"gbrmpa-zone-748","type":"Habitat Protection Zone","zone":"Dark Blue Zone","color":"#3f6fb0","name":"HP-19-5165","permit":"Whitsundays cross shelf transect","source":"GBRMPA"}},{"type":"Feature","geometry":{"type":"Polygon","coordinates":[[[149.4,-21.4667],[149.4,-21.48],[149.41,-21.48],[149.41,-21.5],[149.44,-21.5],[149.49,-21.51],[149.49,-21.53],[149.4947,-21.5504],[149.4867,-21.5899],[149.51,-21.5899],[149.51,-21.6103],[149.47,-21.6103],[149.4594,-21.5994],[149.4681,-21.5953],[149.4727,-21.5912],[149.4726,-21.5825],[149.4755,-21.5747],[149.4806,-21.5711],[149.4843,-21.573],[149.486,-21.5712],[149.4854,-21.5648],[149.4878,-21.5525],[149.4844,-21.5325],[149.4797,-21.5333],[149.4773,-21.5359],[149.4693,-21.5344],[149.4678,-21.5363],[149.4686,-21.5399],[149.4654,-21.5418],[149.465,-21.5466],[149.4581,-21.5533],[149.4601,-21.555],[149.4576,-21.5561],[149.4569,-21.5606],[149.4527,-21.5631],[149.4509,-21.5676],[149.4414,-21.5675],[149.4371,-21.5535],[149.4289,-21.5486],[149.4117,-21.5466],[149.4019,-21.5496],[149.398,-21.5405],[149.3938,-21.5387],[149.3892,-21.5409],[149.3774,-21.5344],[149.384,-21.5223],[149.3824,-21.5184],[149.3829,-21.5148],[149.3847,-21.5143],[149.3842,-21.5073],[149.3895,-21.5074],[149.3912,-21.4999],[149.3959,-21.4931],[149.3957,-21.4918],[149.3934,-21.4949],[149.3894,-21.4941],[149.38,-21.4966],[149.38,-21.4667],[149.4,-21.4667]],[[149.4891,-21.5966],[149.4849,-21.5976],[149.4887,-21.6039],[149.4918,-21.6062],[149.4961,-21.6047],[149.4982,-21.5992],[149.4937,-21.5992],[149.4904,-21.598],[149.4901,-21.5957],[149.4891,-21.5966]],[[149.3978,-21.4914],[149.4008,-21.4904],[149.4005,-21.4878],[149.3978,-21.4914]],[[149.4523,-21.5612],[149.4553,-21.5599],[149.4525,-21.5589],[149.4523,-21.5612]],[[149.5037,-21.6047],[149.505,-21.6037],[149.5031,-21.6025],[149.5037,-21.6047]],[[149.3885,-21.4744],[149.3905,-21.4744],[149.391,-21.4735],[149.3885,-21.4744]],[[149.4753,-21.5179],[149.4764,-21.5153],[149.4754,-21.5154],[149.4753,-21.5179]]]},"properties":{"id":"gbrmpa-zone-173","type":"Habitat Protection Zone","zone":"Dark Blue Zone","color":"#3f6fb0","name":"HP-21-5257","permit":"Ince Bay/Temple Island Reef (21-308) coastal area","source":"GBRMPA"}},{"type":"Feature","geometry":{"type":"Polygon","coordinates":[[[149.2257,-20.7506],[149.2257,-20.7606],[149.2157,-20.7606],[149.2157,-20.7506],[149.2257,-20.7506]],[[149.2197,-20.7541],[149.2213,-20.7534],[149.2204,-20.7532],[149.2197,-20.7541]]]},"properties":{"id":"gbrmpa-zone-322","type":"Habitat Protection Zone","zone":"Dark Blue Zone","color":"#3f6fb0","name":"HP-20-5215","permit":"Finger and Thumb Island Reefs (20-265)","source":"GBRMPA"}},{"type":"Feature","geometry":{"type":"Polygon","coordinates":[[[149.313,-20.7535],[149.313,-20.7865],[149.3009,-20.7865],[149.3009,-20.7903],[149.2991,-20.7926],[149.2961,-20.79],[149.297,-20.7821],[149.2943,-20.7788],[149.2871,-20.7755],[149.282,-20.7755],[149.2749,-20.7818],[149.2747,-20.7843],[149.2773,-20.7882],[149.2758,-20.7936],[149.2781,-20.7963],[149.2776,-20.7976],[149.2835,-20.7995],[149.2851,-20.8031],[149.2878,-20.803],[149.2843,-20.8065],[149.2803,-20.8045],[149.2762,-20.7991],[149.2738,-20.8007],[149.2697,-20.8004],[149.2697,-20.7898],[149.2663,-20.7898],[149.2663,-20.7534],[149.313,-20.7535]],[[149.2708,-20.7609],[149.2724,-20.7596],[149.2719,-20.7581],[149.2708,-20.7609]]]},"properties":{"id":"gbrmpa-zone-319","type":"Marine National Park Zone","zone":"Green Zone","color":"#2fae5a","name":"MNP-20-1130","permit":"Brampton and Carlisle Islands - north-east","source":"GBRMPA"}},{"type":"Feature","geometry":{"type":"Polygon","coordinates":[[[148.9279,-20.337],[148.9304,-20.3391],[148.936,-20.3401],[148.9354,-20.3502],[148.938,-20.3574],[148.9362,-20.3664],[148.9414,-20.3762],[148.9394,-20.3819],[148.9281,-20.3692],[148.928,-20.3591],[148.9259,-20.3535],[148.9287,-20.3486],[148.9259,-20.3467],[148.9276,-20.342],[148.9246,-20.3388],[148.9279,-20.337]]]},"properties":{"id":"gbrmpa-zone-668","type":"Commonwealth Islands Zone (GBRMPA)","zone":"Commonwealth Island Zone","color":"#b0b8bd","name":"Dent Island (22058103)","permit":null,"source":"GBRMPA"}},{"type":"Feature","geometry":{"type":"Polygon","coordinates":[[[149.6373,-21.2708],[149.6248,-21.2708],[149.6248,-21.2625],[149.6373,-21.2625],[149.6373,-21.2708]]]},"properties":{"id":"gbrmpa-zone-127","type":"Habitat Protection Zone","zone":"Dark Blue Zone","color":"#3f6fb0","name":"HP-21-5240","permit":"Overfall Rock (21-029)","source":"GBRMPA"}},{"type":"Feature","geometry":{"type":"Polygon","coordinates":[[[148.8533,-20.82],[148.8533,-20.8346],[148.8409,-20.8346],[148.8382,-20.8282],[148.8387,-20.8251],[148.8328,-20.8221],[148.8328,-20.8133],[148.8467,-20.8133],[148.8533,-20.82]],[[148.8406,-20.8242],[148.8425,-20.8238],[148.8417,-20.8234],[148.8406,-20.8242]]]},"properties":{"id":"gbrmpa-zone-313","type":"Habitat Protection Zone","zone":"Dark Blue Zone","color":"#3f6fb0","name":"HP-20-5220","permit":"Carpet Snake Island Reef (20-222) coastal area","source":"GBRMPA"}},{"type":"Feature","geometry":{"type":"Polygon","coordinates":[[[149.115,-20.261],[149.119,-20.274],[149.115,-20.29],[149.0951,-20.3021],[149.0861,-20.3056],[149.0881,-20.3002],[149.0932,-20.3016],[149.093,-20.2911],[149.0946,-20.2897],[149.0933,-20.2871],[149.0887,-20.2894],[149.0875,-20.2814],[149.0924,-20.2783],[149.0942,-20.2729],[149.1014,-20.2675],[149.1002,-20.2656],[149.1031,-20.2605],[149.103,-20.2513],[149.115,-20.261]],[[149.1063,-20.2664],[149.1028,-20.2692],[149.1039,-20.2773],[149.1046,-20.2782],[149.1076,-20.2764],[149.1097,-20.2776],[149.1093,-20.2866],[149.1108,-20.2893],[149.1119,-20.2761],[149.1063,-20.2664]],[[149.1158,-20.2735],[149.1121,-20.2755],[149.1152,-20.2809],[149.1158,-20.2735]],[[149.1104,-20.2623],[149.1111,-20.263],[149.1112,-20.2619],[149.1104,-20.2623]],[[149.1076,-20.2651],[149.1065,-20.2659],[149.1081,-20.2654],[149.1076,-20.2651]],[[149.1116,-20.2624],[149.1118,-20.2625],[149.1118,-20.2623],[149.1116,-20.2624]]]},"properties":{"id":"gbrmpa-zone-230","type":"Marine National Park Zone","zone":"Green Zone","color":"#2fae5a","name":"MNP-20-1117","permit":"Haslewood/Lupton Islands","source":"GBRMPA"}},{"type":"Feature","geometry":{"type":"Polygon","coordinates":[[[149.62,-21.3866],[149.62,-21.4336],[149.6134,-21.447],[149.6,-21.447],[149.5934,-21.44],[149.5934,-21.387],[149.6,-21.38],[149.6134,-21.38],[149.62,-21.3866]]]},"properties":{"id":"gbrmpa-zone-184","type":"Habitat Protection Zone","zone":"Dark Blue Zone","color":"#3f6fb0","name":"HP-21-5246","permit":"Viscount Shoals East (21-036b)","source":"GBRMPA"}},{"type":"Feature","geometry":{"type":"Polygon","coordinates":[[[148.2682,-20.0118],[148.2653,-20.0081],[148.2659,-20.0002],[148.2728,-20.006],[148.2746,-20.0118],[148.2682,-20.0118]]]},"properties":{"id":"gbrmpa-zone-267","type":"Habitat Protection Zone","zone":"Dark Blue Zone","color":"#3f6fb0","name":"HP-20-5186","permit":"Bowen coastal area (20-001)","source":"GBRMPA"}},{"type":"Feature","geometry":{"type":"Polygon","coordinates":[[[149.0612,-20.146],[149.0612,-20.19],[148.999,-20.19],[148.999,-20.146],[149.0612,-20.146]],[[149.0373,-20.1553],[149.038,-20.1582],[149.0363,-20.1595],[149.0322,-20.1585],[149.0304,-20.1554],[149.0265,-20.1568],[149.0224,-20.156],[149.0204,-20.1626],[149.0214,-20.1641],[149.0238,-20.1626],[149.029,-20.1637],[149.0295,-20.1668],[149.0369,-20.1747],[149.0399,-20.1832],[149.0411,-20.179],[149.0436,-20.1775],[149.0382,-20.1727],[149.0364,-20.1656],[149.0389,-20.1649],[149.0397,-20.1606],[149.0429,-20.1599],[149.0451,-20.1562],[149.0421,-20.1517],[149.0387,-20.1501],[149.0365,-20.1518],[149.0373,-20.1553]],[[149.0082,-20.1753],[149.0108,-20.1718],[149.0051,-20.174],[149.0071,-20.1764],[149.0082,-20.1753]]]},"properties":{"id":"gbrmpa-zone-236","type":"Marine National Park Zone","zone":"Green Zone","color":"#2fae5a","name":"MNP-20-1115","permit":"Border/Dumbell Islands","source":"GBRMPA"}},{"type":"Feature","geometry":{"type":"Polygon","coordinates":[[[149.17,-20.59],[149.16,-20.59],[149.16,-20.58],[149.17,-20.58],[149.17,-20.59]]]},"properties":{"id":"gbrmpa-zone-336","type":"Habitat Protection Zone","zone":"Dark Blue Zone","color":"#3f6fb0","name":"HP-20-5205","permit":"Dorsal Rock (20-240)","source":"GBRMPA"}},{"type":"Feature","geometry":{"type":"Polygon","coordinates":[[[148.7236,-20.6621],[148.7667,-20.6622],[148.7667,-20.68],[148.7733,-20.6867],[148.7733,-20.7],[148.76,-20.7],[148.7467,-20.707],[148.732,-20.707],[148.7323,-20.6971],[148.7342,-20.6931],[148.7334,-20.6877],[148.7273,-20.6866],[148.7217,-20.6789],[148.7166,-20.6782],[148.7071,-20.6723],[148.7152,-20.6648],[148.7209,-20.6632],[148.7233,-20.6642],[148.7236,-20.6621]],[[148.7634,-20.6925],[148.7663,-20.6924],[148.7663,-20.6898],[148.7602,-20.689],[148.7634,-20.6925]],[[148.7582,-20.6734],[148.7591,-20.6738],[148.7588,-20.672],[148.7582,-20.6734]]]},"properties":{"id":"gbrmpa-zone-330","type":"Habitat Protection Zone","zone":"Dark Blue Zone","color":"#3f6fb0","name":"HP-20-5211","permit":"Midge Point coastal area: Gould Island Reef (20-213), Midge Island Reef (20-214) and unnamed reef 20-215","source":"GBRMPA"}},{"type":"Feature","geometry":{"type":"Polygon","coordinates":[[[149.17,-20.968],[149.281,-21.0635],[149.2245,-21.0633],[149.2176,-21.0715],[149.209,-21.0772],[149.1966,-21.0631],[149.1883,-21.0455],[149.1853,-21.0339],[149.1797,-21.0356],[149.1757,-21.0324],[149.1739,-21.0332],[149.1743,-21.0365],[149.1714,-21.0375],[149.1664,-21.0357],[149.162,-21.0309],[149.1577,-21.0236],[149.1555,-21.0128],[149.1577,-21.0025],[149.1568,-21.0007],[149.1493,-21.0034],[149.1308,-20.9979],[149.1296,-20.9988],[149.1321,-21.0018],[149.1191,-21.0019],[149.112,-21.004],[149.109,-21.0007],[149.1104,-20.9989],[149.1093,-20.9959],[149.1083,-20.9972],[149.1069,-20.9956],[149.1073,-20.991],[149.097,-20.9804],[149.0899,-20.9761],[149.142,-20.944],[149.17,-20.968]],[[149.1355,-20.968],[149.1355,-20.9903],[149.1494,-20.9903],[149.1494,-20.9837],[149.1512,-20.9829],[149.1532,-20.9779],[149.1495,-20.9761],[149.1495,-20.968],[149.1355,-20.968]]]},"properties":{"id":"gbrmpa-zone-144","type":"Conservation Park Zone","zone":"Yellow Zone","color":"#e8c23f","name":"CP-20-4094","permit":"Shoal Point - Eimeo area","source":"GBRMPA"}},{"type":"Feature","geometry":{"type":"Polygon","coordinates":[[[148.5801,-20.0899],[148.58,-20.1133],[148.5674,-20.1133],[148.5797,-20.1275],[148.5776,-20.1268],[148.5739,-20.1283],[148.5723,-20.1329],[148.569,-20.1338],[148.5643,-20.1245],[148.5681,-20.1192],[148.5648,-20.1161],[148.556,-20.1158],[148.5568,-20.1102],[148.555,-20.1061],[148.5601,-20.1062],[148.5656,-20.09],[148.5801,-20.0899]],[[148.5725,-20.0953],[148.5705,-20.0972],[148.5687,-20.1038],[148.5743,-20.1046],[148.576,-20.1015],[148.5725,-20.0953]],[[148.5756,-20.1076],[148.5775,-20.1068],[148.5766,-20.1067],[148.5756,-20.1076]]]},"properties":{"id":"gbrmpa-zone-190","type":"Habitat Protection Zone","zone":"Dark Blue Zone","color":"#3f6fb0","name":"HP-20-5191","permit":"Olden Island Reef coastal area (20-021, 20-025a and b)","source":"GBRMPA"}},{"type":"Feature","geometry":{"type":"Polygon","coordinates":[[[149.4742,-21.7038],[149.4856,-21.7189],[149.4856,-21.7523],[149.474,-21.7523],[149.4592,-21.7405],[149.4592,-21.7293],[149.4621,-21.7337],[149.4732,-21.7382],[149.4748,-21.7429],[149.4769,-21.7445],[149.4783,-21.7437],[149.479,-21.7333],[149.4807,-21.7299],[149.4774,-21.729],[149.4749,-21.7309],[149.4727,-21.7304],[149.4713,-21.7212],[149.4732,-21.7128],[149.4696,-21.7097],[149.4619,-21.7129],[149.4619,-21.7039],[149.4742,-21.7038]]]},"properties":{"id":"gbrmpa-zone-49","type":"Habitat Protection Zone","zone":"Dark Blue Zone","color":"#3f6fb0","name":"HP-21-5385","permit":"Yarrawonga Point","source":"GBRMPA"}},{"type":"Feature","geometry":{"type":"Polygon","coordinates":[[[149.76,-20.5334],[149.76,-20.5533],[149.7467,-20.5533],[149.74,-20.5467],[149.74,-20.5334],[149.76,-20.5334]],[[149.7479,-20.54],[149.7499,-20.5384],[149.7484,-20.5389],[149.7479,-20.54]]]},"properties":{"id":"gbrmpa-zone-341","type":"Habitat Protection Zone","zone":"Dark Blue Zone","color":"#3f6fb0","name":"HP-20-5201","permit":"Parker Reef (20-266)","source":"GBRMPA"}},{"type":"Feature","geometry":{"type":"Polygon","coordinates":[[[149.1179,-20.388],[149.1179,-20.46],[149.14,-20.46],[149.138,-20.508],[149.12,-20.508],[149.1,-20.5401],[149.0522,-20.5401],[149.0523,-20.5257],[149.0554,-20.5197],[149.0599,-20.5199],[149.0631,-20.5162],[149.065,-20.5164],[149.0663,-20.5257],[149.0674,-20.5271],[149.0692,-20.5255],[149.0693,-20.5142],[149.0721,-20.5103],[149.0702,-20.5053],[149.0777,-20.504],[149.0758,-20.4953],[149.077,-20.4936],[149.0797,-20.4939],[149.0801,-20.4907],[149.0822,-20.4907],[149.0843,-20.4936],[149.0833,-20.4849],[149.0875,-20.484],[149.0913,-20.4875],[149.1,-20.4912],[149.0963,-20.4816],[149.0979,-20.4811],[149.1038,-20.485],[149.1052,-20.4821],[149.1039,-20.4766],[149.101,-20.4727],[149.0973,-20.4716],[149.0925,-20.4647],[149.0846,-20.4598],[149.0848,-20.4571],[149.0895,-20.4541],[149.091,-20.4496],[149.0881,-20.4473],[149.0893,-20.445],[149.0884,-20.4434],[149.0804,-20.4442],[149.0827,-20.4425],[149.0821,-20.4397],[149.0845,-20.4368],[149.0838,-20.4352],[149.0791,-20.4379],[149.0545,-20.4378],[149.0533,-20.436],[149.0499,-20.4363],[149.0486,-20.4338],[149.0435,-20.4387],[149.0401,-20.4375],[149.038,-20.388],[149.1179,-20.388]],[[149.1232,-20.4639],[149.1216,-20.465],[149.1211,-20.4693],[149.1239,-20.4738],[149.1285,-20.4761],[149.134,-20.4828],[149.1343,-20.4804],[149.1313,-20.4739],[149.134,-20.4665],[149.13,-20.4683],[149.1262,-20.4671],[149.1256,-20.4641],[149.1232,-20.4639]],[[149.0929,-20.4176],[149.0897,-20.4179],[149.085,-20.4216],[149.0816,-20.4284],[149.0829,-20.4338],[149.0885,-20.4267],[149.0921,-20.4267],[149.0929,-20.4176]],[[149.0808,-20.5153],[149.0792,-20.5171],[149.0818,-20.5271],[149.0848,-20.5233],[149.0863,-20.5232],[149.0878,-20.5265],[149.0915,-20.5256],[149.0908,-20.5227],[149.0883,-20.5233],[149.0871,-20.5208],[149.0857,-20.5219],[149.0808,-20.5153]],[[149.1083,-20.4605],[149.1047,-20.4629],[149.1062,-20.4664],[149.1108,-20.463],[149.1109,-20.4614],[149.1083,-20.4605]],[[149.1114,-20.4849],[149.1109,-20.4909],[149.1137,-20.4934],[149.1114,-20.4849]],[[149.0868,-20.5365],[149.0888,-20.5341],[149.0881,-20.5292],[149.0868,-20.5365]],[[149.1025,-20.4338],[149.1018,-20.4364],[149.1032,-20.4383],[149.1025,-20.4338]],[[149.0893,-20.508],[149.0912,-20.5068],[149.0891,-20.5059],[149.0893,-20.508]]]},"properties":{"id":"gbrmpa-zone-347","type":"Marine National Park Zone","zone":"Green Zone","color":"#2fae5a","name":"MNP-20-1125","permit":"Mansell Island & Shaw Island - east coast","source":"GBRMPA"}},{"type":"Feature","geometry":{"type":"Polygon","coordinates":[[[148.4602,-20.1152],[148.4619,-20.1168],[148.4648,-20.1158],[148.4682,-20.1171],[148.4699,-20.1232],[148.4667,-20.1278],[148.4679,-20.1304],[148.4661,-20.1371],[148.4578,-20.1442],[148.4482,-20.1438],[148.4426,-20.1466],[148.4342,-20.1563],[148.4335,-20.1612],[148.4359,-20.1651],[148.4342,-20.1677],[148.4276,-20.1654],[148.4231,-20.1602],[148.4469,-20.117],[148.4474,-20.1186],[148.449,-20.1181],[148.4478,-20.1155],[148.4489,-20.1132],[148.4541,-20.111],[148.4591,-20.1125],[148.4602,-20.1152]],[[148.4361,-20.1509],[148.4356,-20.1485],[148.4352,-20.1498],[148.4361,-20.1509]]]},"properties":{"id":"gbrmpa-zone-241","type":"General Use Zone","zone":"Light Blue Zone","color":"#7fc3dd","name":"GU-20-6012","permit":null,"source":"GBRMPA"}},{"type":"Feature","geometry":{"type":"Polygon","coordinates":[[[149.4633,-21.7544],[149.4633,-21.8092],[149.4356,-21.8092],[149.431,-21.7981],[149.433,-21.7925],[149.4323,-21.7779],[149.4346,-21.7544],[149.4633,-21.7544]]]},"properties":{"id":"gbrmpa-zone-43","type":"Marine National Park Zone","zone":"Green Zone","color":"#2fae5a","name":"MNP-21-1147","permit":"Yarrawonga Point to West Hill National Park","source":"GBRMPA"}},{"type":"Feature","geometry":{"type":"Polygon","coordinates":[[[149.51,-21.95],[149.5,-21.95],[149.5,-21.9303],[149.51,-21.91],[149.5298,-21.91],[149.51,-21.95]]]},"properties":{"id":"gbrmpa-zone-112","type":"Habitat Protection Zone","zone":"Dark Blue Zone","color":"#3f6fb0","name":"HP-21-5299","permit":"Fanning Shoal (21-366)","source":"GBRMPA"}},{"type":"Feature","geometry":{"type":"Polygon","coordinates":[[[149.9467,-21.1067],[149.9534,-21.1],[149.9734,-21.1],[149.9734,-21.1137],[149.9667,-21.1137],[149.96,-21.1203],[149.9467,-21.1203],[149.9467,-21.1067]]]},"properties":{"id":"gbrmpa-zone-135","type":"Habitat Protection Zone","zone":"Dark Blue Zone","color":"#3f6fb0","name":"HP-21-5236","permit":"Snare Rocks (21-028a and b)","source":"GBRMPA"}},{"type":"Feature","geometry":{"type":"Polygon","coordinates":[[[149.644,-21.67],[149.644,-21.6823],[149.636,-21.6823],[149.624,-21.67],[149.624,-21.6643],[149.638,-21.6643],[149.644,-21.67]],[[149.6393,-21.673],[149.6379,-21.6733],[149.6371,-21.6767],[149.64,-21.674],[149.6393,-21.673]]]},"properties":{"id":"gbrmpa-zone-155","type":"Habitat Protection Zone","zone":"Dark Blue Zone","color":"#3f6fb0","name":"HP-21-5276","permit":"Bull Rock (21-344) and Ridge Island Reef (21-345)","source":"GBRMPA"}},{"type":"Feature","geometry":{"type":"Polygon","coordinates":[[[149.8626,-21.4379],[149.8667,-21.44],[149.8667,-21.4467],[149.8734,-21.4467],[149.8934,-21.46],[149.8934,-21.4737],[149.8734,-21.4737],[149.8734,-21.467],[149.8667,-21.4603],[149.8667,-21.4533],[149.8334,-21.4533],[149.8334,-21.4333],[149.8533,-21.4333],[149.8626,-21.4379]],[[149.8455,-21.4404],[149.8443,-21.4424],[149.8414,-21.4417],[149.8418,-21.4453],[149.8481,-21.4472],[149.8565,-21.4463],[149.8488,-21.4398],[149.8455,-21.4404]],[[149.8806,-21.4668],[149.8899,-21.4677],[149.8798,-21.4624],[149.8791,-21.4642],[149.8806,-21.4668]],[[149.8714,-21.4531],[149.8715,-21.4563],[149.8761,-21.46],[149.8756,-21.4558],[149.8714,-21.4531]]]},"properties":{"id":"gbrmpa-zone-178","type":"Habitat Protection Zone","zone":"Dark Blue Zone","color":"#3f6fb0","name":"HP-21-5252","permit":"Beverly Group North: Minister Island Reef (21-040), Beverlac Island Reef (21-044) and Hull Island Reef (21-045)","source":"GBRMPA"}},{"type":"Feature","geometry":{"type":"Polygon","coordinates":[[[149.6267,-20.7533],[149.6333,-20.7667],[149.6333,-20.7803],[149.6267,-20.7867],[149.6067,-20.7867],[149.6067,-20.7667],[149.6134,-20.7533],[149.6267,-20.7533]],[[149.6189,-20.7677],[149.6142,-20.7701],[149.6131,-20.7725],[149.6128,-20.7756],[149.6148,-20.7796],[149.6183,-20.7797],[149.6213,-20.7741],[149.6274,-20.7741],[149.6263,-20.7686],[149.6235,-20.7681],[149.6245,-20.7649],[149.6231,-20.7608],[149.6189,-20.7677]]]},"properties":{"id":"gbrmpa-zone-321","type":"Habitat Protection Zone","zone":"Dark Blue Zone","color":"#3f6fb0","name":"HP-20-5217","permit":"Calder Island Reef (20-289)","source":"GBRMPA"}},{"type":"Feature","geometry":{"type":"Polygon","coordinates":[[[149.2663,-20.7534],[149.2663,-20.7898],[149.2697,-20.7898],[149.2697,-20.8004],[149.2642,-20.8021],[149.2617,-20.8007],[149.2598,-20.8029],[149.2562,-20.8033],[149.2542,-20.808],[149.2501,-20.8081],[149.2498,-20.8109],[149.2597,-20.8092],[149.263,-20.8101],[149.2638,-20.8126],[149.2653,-20.8106],[149.2689,-20.8134],[149.2697,-20.8158],[149.2657,-20.8229],[149.2658,-20.8281],[149.2869,-20.8259],[149.2899,-20.8238],[149.2899,-20.8173],[149.2923,-20.815],[149.2862,-20.8155],[149.2826,-20.8087],[149.2892,-20.8024],[149.2901,-20.7997],[149.2938,-20.7987],[149.2979,-20.7985],[149.3004,-20.8022],[149.2999,-20.8046],[149.3022,-20.8046],[149.3035,-20.8029],[149.3009,-20.7865],[149.313,-20.7865],[149.313,-20.834],[149.2364,-20.834],[149.2364,-20.7534],[149.2663,-20.7534]],[[149.2483,-20.8109],[149.2465,-20.8117],[149.2474,-20.8123],[149.2483,-20.8109]],[[149.268,-20.7962],[149.269,-20.7973],[149.269,-20.7957],[149.268,-20.7962]]]},"properties":{"id":"gbrmpa-zone-318","type":"Conservation Park Zone","zone":"Yellow Zone","color":"#e8c23f","name":"CP-20-4091","permit":"Brampton and Carlisle Islands","source":"GBRMPA"}},{"type":"Feature","geometry":{"type":"Polygon","coordinates":[[[149.173,-20.675],[149.1729,-20.6908],[149.1584,-20.6908],[149.1561,-20.6763],[149.1658,-20.6855],[149.1673,-20.6849],[149.1656,-20.675],[149.173,-20.675]]]},"properties":{"id":"gbrmpa-zone-327","type":"Marine National Park Zone","zone":"Green Zone","color":"#2fae5a","name":"MNP-20-1128","permit":"Goldsmith Island","source":"GBRMPA"}},{"type":"Feature","geometry":{"type":"Polygon","coordinates":[[[149.0574,-20.2944],[149.0477,-20.2912],[149.0389,-20.283],[149.0309,-20.2692],[149.0266,-20.2577],[149.0582,-20.2928],[149.0574,-20.2944]]]},"properties":{"id":"gbrmpa-zone-229","type":"Marine National Park Zone","zone":"Green Zone","color":"#2fae5a","name":"MNP-20-1118","permit":"Whitehaven Beach, Whitsunday Island","source":"GBRMPA"}},{"type":"Feature","geometry":{"type":"Polygon","coordinates":[[[148.9,-20.366],[148.93,-20.41],[148.93,-20.4195],[149.0014,-20.4195],[149.0014,-20.5401],[148.9493,-20.5401],[148.9493,-20.5191],[148.9247,-20.519],[148.9158,-20.5101],[148.9081,-20.5084],[148.9035,-20.5007],[148.9003,-20.5021],[148.8965,-20.5011],[148.8916,-20.495],[148.8872,-20.4942],[148.884,-20.4873],[148.8911,-20.4765],[148.8966,-20.4761],[148.9074,-20.4794],[148.9121,-20.4791],[148.9022,-20.4662],[148.8994,-20.464],[148.892,-20.4643],[148.8823,-20.4713],[148.8773,-20.4699],[148.8734,-20.4648],[148.8715,-20.4572],[148.8593,-20.4502],[148.8468,-20.4315],[148.8399,-20.4313],[148.8385,-20.4298],[148.8382,-20.4175],[148.8501,-20.4175],[148.8501,-20.3861],[148.8542,-20.3861],[148.8564,-20.3884],[148.8614,-20.3877],[148.8624,-20.3937],[148.8669,-20.3964],[148.8752,-20.3943],[148.8736,-20.39],[148.8884,-20.3898],[148.8775,-20.366],[148.9,-20.366]],[[148.8825,-20.3686],[148.8817,-20.3713],[148.8844,-20.3709],[148.8871,-20.3729],[148.8871,-20.3763],[148.8906,-20.3801],[148.8903,-20.3829],[148.8942,-20.3855],[148.8961,-20.385],[148.8961,-20.3826],[148.8935,-20.3812],[148.8886,-20.3691],[148.8825,-20.3686]],[[148.8451,-20.4219],[148.8396,-20.4246],[148.8424,-20.4234],[148.8477,-20.4248],[148.8474,-20.4225],[148.8451,-20.4219]],[[148.8468,-20.4264],[148.8507,-20.4268],[148.8494,-20.4256],[148.845,-20.4254],[148.8468,-20.4264]],[[148.8508,-20.4267],[148.8509,-20.4263],[148.8507,-20.4261],[148.8508,-20.4267]]]},"properties":{"id":"gbrmpa-zone-218","type":"Marine National Park Zone","zone":"Green Zone","color":"#2fae5a","name":"MNP-20-1123","permit":"Pine Island/Cape Conway","source":"GBRMPA"}},{"type":"Feature","geometry":{"type":"Polygon","coordinates":[[[149.8551,-21.5003],[149.8551,-21.553],[149.7448,-21.5532],[149.64,-21.6553],[149.595,-21.6553],[149.595,-21.485],[149.855,-21.4852],[149.8551,-21.5003]],[[149.7197,-21.5115],[149.7208,-21.5141],[149.7218,-21.5112],[149.72,-21.5085],[149.7197,-21.5115]]]},"properties":{"id":"gbrmpa-zone-172","type":"Marine National Park Zone","zone":"Green Zone","color":"#2fae5a","name":"MNP-21-1144","permit":"Yaralla (21-322), Tupper (21-320), Ferdinand (21-317) and Waratah (21-319) Shoals","source":"GBRMPA"}},{"type":"Feature","geometry":{"type":"Polygon","coordinates":[[[148.7134,-20.1933],[148.7001,-20.1933],[148.7001,-20.18],[148.7067,-20.1733],[148.7201,-20.1733],[148.7201,-20.1867],[148.7134,-20.1933]]]},"properties":{"id":"gbrmpa-zone-235","type":"Habitat Protection Zone","zone":"Dark Blue Zone","color":"#3f6fb0","name":"HP-20-5194","permit":"Roseric Shoal (20-031)","source":"GBRMPA"}},{"type":"Feature","geometry":{"type":"Polygon","coordinates":[[[149.1933,-20.5933],[149.1933,-20.6067],[149.18,-20.6067],[149.18,-20.5933],[149.1933,-20.5933]],[[149.186,-20.6012],[149.1875,-20.6009],[149.1855,-20.5998],[149.186,-20.6012]]]},"properties":{"id":"gbrmpa-zone-335","type":"Habitat Protection Zone","zone":"Dark Blue Zone","color":"#3f6fb0","name":"HP-20-5206","permit":"Blackcombe Island Reef (20-242)","source":"GBRMPA"}},{"type":"Feature","geometry":{"type":"Polygon","coordinates":[[[149.55,-21.8603],[149.53,-21.8603],[149.53,-21.84],[149.56,-21.81],[149.57,-21.81],[149.57,-21.8403],[149.55,-21.8603]]]},"properties":{"id":"gbrmpa-zone-118","type":"Habitat Protection Zone","zone":"Dark Blue Zone","color":"#3f6fb0","name":"HP-21-5293","permit":"Sandy Shoals (21-358a and b)","source":"GBRMPA"}},{"type":"Feature","geometry":{"type":"Polygon","coordinates":[[[149.36,-20.9203],[149.35,-20.9203],[149.35,-20.91],[149.36,-20.91],[149.36,-20.9203]]]},"properties":{"id":"gbrmpa-zone-146","type":"Habitat Protection Zone","zone":"Dark Blue Zone","color":"#3f6fb0","name":"HP-20-5228","permit":"Hyde Rock (20-276)","source":"GBRMPA"}},{"type":"Feature","geometry":{"type":"Polygon","coordinates":[[[148.4832,-20.0458],[148.5146,-20.0768],[148.5302,-20.0847],[148.5369,-20.0788],[148.5398,-20.0788],[148.5377,-20.0812],[148.5377,-20.0874],[148.5331,-20.0863],[148.5314,-20.0914],[148.5282,-20.0936],[148.5215,-20.0928],[148.5194,-20.0903],[148.5138,-20.0933],[148.5071,-20.087],[148.5026,-20.0907],[148.5003,-20.0905],[148.4935,-20.0866],[148.4923,-20.0814],[148.4943,-20.0806],[148.4939,-20.0787],[148.4917,-20.0787],[148.4907,-20.0816],[148.4868,-20.0814],[148.4822,-20.0765],[148.4764,-20.0662],[148.4669,-20.0627],[148.4635,-20.0651],[148.4571,-20.0637],[148.4539,-20.0603],[148.4539,-20.0558],[148.4581,-20.0583],[148.4706,-20.0583],[148.4832,-20.0458]],[[148.5137,-20.0775],[148.5114,-20.0781],[148.5095,-20.0821],[148.5116,-20.0794],[148.514,-20.0792],[148.5137,-20.0775]]]},"properties":{"id":"gbrmpa-zone-195","type":"Habitat Protection Zone","zone":"Dark Blue Zone","color":"#3f6fb0","name":"HP-20-5187","permit":"Shoal Bay coastal area: including Manta Ray Island Reef (20-010)","source":"GBRMPA"}},{"type":"Feature","geometry":{"type":"Polygon","coordinates":[[[149.13,-20.57],[149.13,-20.6003],[149.123,-20.6073],[149.1096,-20.6024],[149.1,-20.593],[149.1,-20.57],[149.13,-20.57]],[[149.1123,-20.5932],[149.1137,-20.5929],[149.1127,-20.5846],[149.1093,-20.5836],[149.11,-20.5912],[149.1123,-20.5932]],[[149.1171,-20.5982],[149.1162,-20.5984],[149.1167,-20.5991],[149.1171,-20.5982]]]},"properties":{"id":"gbrmpa-zone-338","type":"Habitat Protection Zone","zone":"Dark Blue Zone","color":"#3f6fb0","name":"HP-20-5203","permit":"Silversmith Island Reef (20-238) and Coppersmith Rock (20-407)","source":"GBRMPA"}},{"type":"Feature","geometry":{"type":"Polygon","coordinates":[[[149.5491,-21.0317],[149.546,-21.0303],[149.5466,-21.0281],[149.5491,-21.0317]]]},"properties":{"id":"gbrmpa-zone-656","type":"Commonwealth Islands Zone (GBRMPA)","zone":"Commonwealth Island Zone","color":"#b0b8bd","name":"Bailey Islet (21026100)","permit":null,"source":"GBRMPA"}},{"type":"Feature","geometry":{"type":"Polygon","coordinates":[[[149.5,-21.4133],[149.5,-21.4336],[149.4867,-21.4336],[149.48,-21.4266],[149.48,-21.4133],[149.5,-21.4133]],[[149.4919,-21.4221],[149.4933,-21.4227],[149.4936,-21.4213],[149.4919,-21.4221]]]},"properties":{"id":"gbrmpa-zone-181","type":"Habitat Protection Zone","zone":"Dark Blue Zone","color":"#3f6fb0","name":"HP-21-5249","permit":"Cullen Islet Reef (21-020)","source":"GBRMPA"}},{"type":"Feature","geometry":{"type":"Polygon","coordinates":[[[148.8797,-20.8563],[148.884,-20.8561],[148.8839,-20.8575],[148.88,-20.8572],[148.8768,-20.8599],[148.8768,-20.8448],[148.8838,-20.8448],[148.8839,-20.8493],[148.8787,-20.8534],[148.8797,-20.8563]]]},"properties":{"id":"gbrmpa-zone-201","type":"Habitat Protection Zone","zone":"Dark Blue Zone","color":"#3f6fb0","name":"HP-20-5223","permit":"Mud Isle coastal area","source":"GBRMPA"}},{"type":"Feature","geometry":{"type":"Polygon","coordinates":[[[149.138,-20.508],[149.138,-20.56],[149.078,-20.56],[149.078,-20.5583],[149.0756,-20.5583],[149.0733,-20.5558],[149.0733,-20.5518],[149.0775,-20.5484],[149.0775,-20.5401],[149.1,-20.5401],[149.12,-20.508],[149.138,-20.508]],[[149.1133,-20.5377],[149.1113,-20.539],[149.1107,-20.5434],[149.1071,-20.5466],[149.1028,-20.5425],[149.1019,-20.5456],[149.0972,-20.5454],[149.096,-20.5487],[149.1004,-20.5517],[149.1051,-20.5499],[149.1079,-20.5535],[149.1107,-20.5498],[149.1132,-20.5551],[149.1168,-20.5541],[149.1164,-20.5502],[149.1184,-20.5493],[149.1179,-20.5433],[149.1197,-20.5428],[149.1228,-20.5477],[149.1255,-20.5454],[149.1225,-20.5422],[149.1199,-20.542],[149.1176,-20.5386],[149.1133,-20.5377]],[[149.1269,-20.5463],[149.1264,-20.5505],[149.1274,-20.5495],[149.1269,-20.5463]],[[149.0969,-20.5441],[149.0966,-20.5447],[149.0972,-20.5448],[149.0969,-20.5441]]]},"properties":{"id":"gbrmpa-zone-344","type":"Habitat Protection Zone","zone":"Dark Blue Zone","color":"#3f6fb0","name":"HP-20-5199","permit":"Thomas Island Reef (20-234), Fairlight Rock (20-235), St. Helen Rock (20-236) and Dead Dog Island Reef (20-836)","source":"GBRMPA"}},{"type":"Feature","geometry":{"type":"Polygon","coordinates":[[[148.867,-20.3427],[148.8884,-20.3898],[148.873,-20.3898],[148.8755,-20.384],[148.8697,-20.3782],[148.8722,-20.3776],[148.8724,-20.3758],[148.8663,-20.3692],[148.8626,-20.36],[148.8578,-20.3568],[148.8509,-20.3478],[148.8513,-20.3427],[148.867,-20.3427]]]},"properties":{"id":"gbrmpa-zone-221","type":"Conservation Park Zone","zone":"Yellow Zone","color":"#e8c23f","name":"CP-20-4085","permit":"Long Island east coast","source":"GBRMPA"}},{"type":"Feature","geometry":{"type":"Polygon","coordinates":[[[148.8107,-20.7243],[148.8107,-20.7719],[148.8083,-20.7758],[148.8022,-20.777],[148.7889,-20.7636],[148.7802,-20.7634],[148.7769,-20.7512],[148.7785,-20.7459],[148.7769,-20.741],[148.7776,-20.732],[148.766,-20.7339],[148.7618,-20.7306],[148.7584,-20.7243],[148.8107,-20.7243]]]},"properties":{"id":"gbrmpa-zone-324","type":"Marine National Park Zone","zone":"Green Zone","color":"#2fae5a","name":"MNP-20-1129","permit":"New Beach and 10-Mile Beach coastal area","source":"GBRMPA"}},{"type":"Feature","geometry":{"type":"Polygon","coordinates":[[[149.6734,-21.46],[149.6734,-21.48],[149.6534,-21.48],[149.6534,-21.467],[149.66,-21.46],[149.6734,-21.46]],[[149.6642,-21.4692],[149.6626,-21.4697],[149.663,-21.4735],[149.6665,-21.4722],[149.6642,-21.4692]]]},"properties":{"id":"gbrmpa-zone-175","type":"Habitat Protection Zone","zone":"Dark Blue Zone","color":"#3f6fb0","name":"HP-21-5256","permit":"Elamang Island Reef (21-046)","source":"GBRMPA"}},{"type":"Feature","geometry":{"type":"Polygon","coordinates":[[[148.9597,-20.2284],[148.9546,-20.24],[148.9567,-20.2421],[148.9597,-20.2405],[148.9642,-20.2416],[148.9683,-20.2365],[148.9692,-20.2391],[148.9656,-20.2447],[148.9619,-20.2449],[148.9579,-20.2496],[148.9555,-20.2503],[148.9539,-20.2486],[148.9525,-20.2524],[148.9505,-20.2526],[148.9487,-20.2552],[148.949,-20.2584],[148.9446,-20.2621],[148.9425,-20.2681],[148.9369,-20.2687],[148.9365,-20.2653],[148.9382,-20.2631],[148.9362,-20.2639],[148.9335,-20.2692],[148.9307,-20.2704],[148.931,-20.2726],[148.9287,-20.2729],[148.9267,-20.2818],[148.9248,-20.2812],[148.9189,-20.2836],[148.9165,-20.2798],[148.9123,-20.2821],[148.9117,-20.2909],[148.9137,-20.291],[148.9167,-20.2874],[148.9192,-20.2902],[148.9218,-20.2897],[148.9241,-20.2863],[148.9288,-20.2864],[148.9289,-20.2879],[148.9267,-20.2881],[148.9254,-20.2925],[148.9227,-20.2937],[148.9226,-20.296],[148.9282,-20.2962],[148.9313,-20.2941],[148.9322,-20.2996],[148.9309,-20.3026],[148.9371,-20.3073],[148.938,-20.301],[148.9422,-20.302],[148.9514,-20.3078],[148.9539,-20.3062],[148.9557,-20.3018],[148.9579,-20.3037],[148.9614,-20.3033],[148.9619,-20.3069],[148.959,-20.3167],[148.9594,-20.3222],[148.9635,-20.3244],[148.9623,-20.3286],[148.9676,-20.3279],[148.9688,-20.3263],[148.9725,-20.3276],[148.9821,-20.3217],[148.9867,-20.323],[148.9866,-20.318],[148.9802,-20.3164],[148.9789,-20.3134],[148.9858,-20.3118],[148.9847,-20.3049],[148.9895,-20.3023],[148.9931,-20.3036],[148.9955,-20.3088],[148.9983,-20.3062],[149.0006,-20.3122],[149.0034,-20.3113],[149.0052,-20.3068],[149.0112,-20.315],[149.0147,-20.315],[149.0168,-20.3194],[149.0231,-20.3225],[149.0216,-20.3187],[149.0235,-20.3168],[149.0265,-20.3167],[149.0253,-20.3153],[149.026,-20.3101],[149.0288,-20.3062],[149.0315,-20.3067],[149.0326,-20.3018],[149.0358,-20.3018],[149.0346,-20.3096],[149.0365,-20.3095],[149.0386,-20.3041],[149.0424,-20.3035],[149.0442,-20.3047],[149.0448,-20.3085],[149.0467,-20.3089],[149.0448,-20.311],[149.0475,-20.3102],[149.0494,-20.3027],[149.0532,-20.3009],[149.0537,-20.2978],[149.0573,-20.3006],[149.0611,-20.2994],[149.0632,-20.2947],[149.0592,-20.2948],[149.0248,-20.2559],[149.0256,-20.2579],[149.0234,-20.2646],[149.0165,-20.2727],[149.0149,-20.2804],[149.0096,-20.2834],[149.0151,-20.2855],[149.0129,-20.2889],[149.0161,-20.2905],[149.0146,-20.2915],[149.0173,-20.2934],[149.0155,-20.2936],[149.016,-20.2917],[149.0144,-20.2914],[149.016,-20.2907],[149.0126,-20.2887],[149.0149,-20.2856],[149.0104,-20.2848],[149.0087,-20.289],[149.0053,-20.2885],[149.0055,-20.29],[149.0079,-20.2907],[149.006,-20.2915],[149.0066,-20.2926],[149.0067,-20.2896],[149.0035,-20.2918],[149.0023,-20.2945],[149.0038,-20.2946],[149.0005,-20.2978],[148.9956,-20.2936],[149.0006,-20.2974],[149.0026,-20.2951],[149.0027,-20.292],[149.005,-20.2907],[149.005,-20.288],[149.0076,-20.2885],[149.0092,-20.2871],[149.0086,-20.2854],[149.006,-20.2863],[149.0045,-20.285],[149.0061,-20.2862],[149.009,-20.2854],[149.0082,-20.283],[149.0133,-20.2792],[149.0128,-20.2759],[149.0177,-20.2658],[149.0168,-20.2603],[149.019,-20.2585],[149.0162,-20.2529],[149.0232,-20.2421],[149.0251,-20.2405],[149.0261,-20.2413],[149.0262,-20.238],[149.1334,-20.238],[149.1334,-20.2918],[149.03,-20.35],[149.0236,-20.35],[149.004,-20.36],[149.0017,-20.366],[148.96,-20.37],[148.96,-20.38],[148.956,-20.384],[148.948,-20.38],[148.94,-20.364],[148.942,-20.356],[148.942,-20.3309],[148.9155,-20.3309],[148.9155,-20.295],[148.907,-20.295],[148.907,-20.2815],[148.902,-20.2715],[148.902,-20.253],[148.9378,-20.2379],[148.9396,-20.2426],[148.9429,-20.2437],[148.9527,-20.2281],[148.9542,-20.2305],[148.9584,-20.2271],[148.9597,-20.2284]],[[149.1228,-20.2662],[149.1195,-20.2681],[149.1186,-20.2727],[149.115,-20.261],[149.1029,-20.2511],[149.101,-20.2515],[149.0999,-20.2594],[149.097,-20.26],[149.0959,-20.2618],[149.095,-20.2652],[149.0962,-20.2694],[149.0941,-20.2716],[149.0898,-20.2707],[149.0898,-20.2659],[149.0838,-20.2684],[149.0783,-20.2663],[149.0754,-20.2715],[149.0771,-20.2737],[149.076,-20.2802],[149.0706,-20.2859],[149.0694,-20.2955],[149.0719,-20.2959],[149.0742,-20.2936],[149.077,-20.2942],[149.0734,-20.2999],[149.0739,-20.3018],[149.0767,-20.3028],[149.085,-20.2957],[149.0854,-20.2994],[149.0829,-20.3043],[149.0848,-20.3056],[149.0951,-20.3021],[149.115,-20.29],[149.1186,-20.2728],[149.1226,-20.2726],[149.1232,-20.274],[149.1254,-20.2728],[149.1228,-20.2662]],[[148.9506,-20.3319],[148.9467,-20.3327],[148.9499,-20.3357],[148.947,-20.344],[148.9488,-20.3506],[148.9455,-20.3511],[148.9474,-20.3555],[148.9445,-20.3639],[148.9452,-20.3651],[148.9466,-20.3644],[148.9467,-20.3601],[148.9517,-20.3614],[148.9517,-20.3676],[148.9492,-20.3679],[148.9487,-20.3696],[148.9532,-20.378],[148.9562,-20.3723],[148.9554,-20.3654],[148.9578,-20.3639],[148.9566,-20.3615],[148.9586,-20.3603],[148.9615,-20.3612],[148.9616,-20.3573],[148.9641,-20.3566],[148.9672,-20.3528],[148.9657,-20.3664],[148.9689,-20.3658],[148.9698,-20.363],[148.9722,-20.3643],[148.9716,-20.3667],[148.9735,-20.3645],[148.977,-20.3652],[148.9773,-20.3605],[148.976,-20.3596],[148.9785,-20.3568],[148.9782,-20.3537],[148.9826,-20.3521],[148.9826,-20.3482],[148.9817,-20.3462],[148.98,-20.3466],[148.9789,-20.3447],[148.9758,-20.3439],[148.9703,-20.3474],[148.9596,-20.3475],[148.9556,-20.3441],[148.9572,-20.3376],[148.9506,-20.3319]],[[148.9163,-20.2522],[148.9133,-20.253],[148.9089,-20.2579],[148.9122,-20.2631],[148.9102,-20.2663],[148.9057,-20.2686],[148.9077,-20.2751],[148.9108,-20.2742],[148.9129,-20.2756],[148.9153,-20.2717],[148.9181,-20.2728],[148.9193,-20.2702],[148.9209,-20.2717],[148.9203,-20.2686],[148.9223,-20.2654],[148.9236,-20.2565],[148.9209,-20.2528],[148.9163,-20.2522]],[[149.0702,-20.3087],[149.074,-20.307],[149.0736,-20.3026],[149.0723,-20.3017],[149.069,-20.3032],[149.0671,-20.3007],[149.0654,-20.3053],[149.066,-20.307],[149.0694,-20.3079],[149.0687,-20.3102],[149.0702,-20.3087]],[[148.9241,-20.3143],[148.927,-20.3187],[148.9256,-20.3235],[148.9281,-20.3256],[148.9287,-20.3145],[148.9256,-20.3133],[148.9248,-20.3111],[148.9236,-20.3111],[148.9241,-20.3143]],[[148.9903,-20.3522],[148.9888,-20.3578],[148.9961,-20.355],[148.9959,-20.3526],[148.9935,-20.3529],[148.991,-20.3506],[148.9903,-20.3522]],[[149.0935,-20.3056],[149.0932,-20.3073],[149.0957,-20.3085],[149.0977,-20.3058],[149.0948,-20.3029],[149.0935,-20.3056]],[[149.0566,-20.3078],[149.056,-20.3053],[149.0518,-20.3053],[149.0504,-20.3071],[149.0559,-20.3091],[149.0566,-20.3078]],[[148.9996,-20.3551],[148.9973,-20.3561],[148.9966,-20.3609],[148.9984,-20.36],[148.9978,-20.3566],[148.9996,-20.3551]],[[148.9597,-20.3308],[148.9594,-20.333],[148.9621,-20.3313],[148.9612,-20.3295],[148.9597,-20.3308]],[[149.0456,-20.3152],[149.0469,-20.3117],[149.0449,-20.3149],[149.0456,-20.3152]],[[149.018,-20.2679],[149.0155,-20.27],[149.0177,-20.2692],[149.018,-20.2679]],[[149.0281,-20.3112],[149.0288,-20.3102],[149.0272,-20.3101],[149.0281,-20.3112]],[[149.0175,-20.2672],[149.0164,-20.2675],[149.0161,-20.2689],[149.0175,-20.2672]],[[149.013,-20.2789],[149.0139,-20.2782],[149.0133,-20.2751],[149.013,-20.2789]],[[149.081,-20.2617],[149.0804,-20.2605],[149.08,-20.2628],[149.081,-20.2617]],[[149.0687,-20.2862],[149.0693,-20.285],[149.0681,-20.2856],[149.0687,-20.2862]],[[149.0066,-20.2874],[149.006,-20.2877],[149.0072,-20.2885],[149.0066,-20.2874]],[[149.0029,-20.2951],[149.0036,-20.2939],[149.0026,-20.2946],[149.0029,-20.2951]],[[149.0494,-20.3081],[149.0501,-20.3075],[149.0494,-20.307],[149.0494,-20.3081]],[[148.9532,-20.24],[148.9525,-20.24],[148.9527,-20.2407],[148.9532,-20.24]],[[149.0115,-20.2809],[149.0125,-20.2808],[149.0122,-20.2802],[149.0115,-20.2809]],[[149.0159,-20.2937],[149.0159,-20.2926],[149.0152,-20.293],[149.0159,-20.2937]],[[149.0158,-20.269],[149.0159,-20.2683],[149.0155,-20.2686],[149.0158,-20.269]],[[149.0695,-20.3111],[149.0699,-20.3105],[149.0692,-20.3105],[149.0695,-20.3111]],[[149.0177,-20.2678],[149.0184,-20.2675],[149.0181,-20.267],[149.0177,-20.2678]],[[149.0135,-20.2898],[149.014,-20.2897],[149.0131,-20.2894],[149.0135,-20.2898]],[[148.9997,-20.3549],[149.0001,-20.355],[148.9999,-20.3546],[148.9997,-20.3549]],[[149.0829,-20.3046],[149.0824,-20.3048],[149.0825,-20.305],[149.0829,-20.3046]],[[149.016,-20.2932],[149.0162,-20.293],[149.0161,-20.2927],[149.016,-20.2932]],[[149.0119,-20.2856],[149.0122,-20.2855],[149.0117,-20.2854],[149.0119,-20.2856]],[[149.0003,-20.355],[149.0005,-20.3551],[149.0004,-20.3548],[149.0003,-20.355]],[[149.0158,-20.2776],[149.0159,-20.2773],[149.0158,-20.2771],[149.0158,-20.2776]],[[149.0121,-20.2851],[149.0125,-20.2851],[149.0121,-20.285],[149.0121,-20.2851]],[[149.0128,-20.2853],[149.0129,-20.2852],[149.0126,-20.2852],[149.0128,-20.2853]],[[149.0152,-20.2906],[149.0153,-20.2907],[149.0156,-20.2906],[149.0152,-20.2906]],[[148.9787,-20.3569],[148.9786,-20.357],[148.9786,-20.3571],[148.9787,-20.3569]],[[148.9055,-20.269],[148.9054,-20.2692],[148.9055,-20.2691],[148.9055,-20.269]]]},"properties":{"id":"gbrmpa-zone-232","type":"Conservation Park Zone","zone":"Yellow Zone","color":"#e8c23f","name":"CP-20-4081","permit":"Whitsunday to Hamilton Islands","source":"GBRMPA"}},{"type":"Feature","geometry":{"type":"Polygon","coordinates":[[[149.3198,-21.0535],[149.3067,-21.0663],[149.2933,-21.0663],[149.2933,-21.0467],[149.3134,-21.0467],[149.3198,-21.0535]]]},"properties":{"id":"gbrmpa-zone-138","type":"Habitat Protection Zone","zone":"Dark Blue Zone","color":"#3f6fb0","name":"HP-21-5233","permit":"Oom Shoal (21-002)","source":"GBRMPA"}},{"type":"Feature","geometry":{"type":"Polygon","coordinates":[[[148.6157,-20.0867],[148.6157,-20.1068],[148.6001,-20.1067],[148.6001,-20.0867],[148.6157,-20.0867]],[[148.6077,-20.0936],[148.6027,-20.0976],[148.6048,-20.1007],[148.6078,-20.0982],[148.61,-20.0999],[148.6135,-20.0959],[148.6123,-20.0932],[148.6077,-20.0936]]]},"properties":{"id":"gbrmpa-zone-192","type":"Habitat Protection Zone","zone":"Dark Blue Zone","color":"#3f6fb0","name":"HP-20-5190","permit":"Gumbrell Island Reef (20-020)","source":"GBRMPA"}},{"type":"Feature","geometry":{"type":"Polygon","coordinates":[[[148.4471,-20.0643],[148.4435,-20.0661],[148.4405,-20.0729],[148.4402,-20.0811],[148.4418,-20.0874],[148.4406,-20.1],[148.4437,-20.1039],[148.4432,-20.1111],[148.4469,-20.117],[148.4231,-20.1602],[148.4196,-20.1593],[148.4163,-20.1635],[148.4165,-20.1672],[148.413,-20.1681],[148.4112,-20.1655],[148.4108,-20.1685],[148.4083,-20.1681],[148.4071,-20.1648],[148.4005,-20.1609],[148.3923,-20.1628],[148.3914,-20.1613],[148.3889,-20.1636],[148.3801,-20.1607],[148.3751,-20.1612],[148.3695,-20.1563],[148.3627,-20.1588],[148.356,-20.1583],[148.3531,-20.1579],[148.3506,-20.1546],[148.3411,-20.1529],[148.3376,-20.1474],[148.3392,-20.1408],[148.334,-20.1369],[148.3295,-20.1395],[148.3205,-20.1361],[148.3165,-20.1293],[148.3063,-20.1199],[148.3041,-20.1112],[148.2792,-20.0991],[148.2765,-20.0955],[148.2764,-20.0896],[148.272,-20.0884],[148.2782,-20.0831],[148.2866,-20.0805],[148.2848,-20.0801],[148.2852,-20.0782],[148.2836,-20.0767],[148.2787,-20.0781],[148.2776,-20.0766],[148.2799,-20.0747],[148.2781,-20.0735],[148.3277,-20.0735],[148.4393,-20.0619],[148.4423,-20.0643],[148.4413,-20.0617],[148.4521,-20.0605],[148.4471,-20.0643]],[[148.3128,-20.1007],[148.3096,-20.1044],[148.3156,-20.104],[148.3161,-20.1011],[148.3128,-20.1007]],[[148.2966,-20.0801],[148.2948,-20.0824],[148.2992,-20.0812],[148.2982,-20.0796],[148.2966,-20.0801]],[[148.3417,-20.1521],[148.3431,-20.1517],[148.3414,-20.151],[148.3417,-20.1521]]]},"properties":{"id":"gbrmpa-zone-733","type":"Habitat Protection Zone","zone":"Dark Blue Zone","color":"#3f6fb0","name":"HP-20-5189","permit":"Edgecumbe Bay coastal area","source":"GBRMPA"}},{"type":"Feature","geometry":{"type":"Polygon","coordinates":[[[149.5867,-21.7267],[149.5867,-21.7331],[149.6008,-21.7331],[149.6008,-21.7464],[149.5941,-21.7538],[149.5771,-21.7538],[149.5533,-21.787],[149.5467,-21.787],[149.54,-21.7803],[149.54,-21.7666],[149.5733,-21.7267],[149.5867,-21.7267]]]},"properties":{"id":"gbrmpa-zone-46","type":"Habitat Protection Zone","zone":"Dark Blue Zone","color":"#3f6fb0","name":"HP-21-5288","permit":"Shag Rock (21-350) and Stony Shoal (21-351)","source":"GBRMPA"}},{"type":"Feature","geometry":{"type":"Polygon","coordinates":[[[148.5797,-20.1275],[148.5978,-20.1658],[148.5923,-20.1708],[148.5893,-20.1713],[148.586,-20.1696],[148.5858,-20.1652],[148.5764,-20.154],[148.5765,-20.1425],[148.5786,-20.1413],[148.5782,-20.137],[148.5804,-20.1335],[148.5786,-20.1306],[148.5785,-20.1275],[148.5797,-20.1275]],[[148.5785,-20.1468],[148.5809,-20.1455],[148.5815,-20.1441],[148.5785,-20.1468]]]},"properties":{"id":"gbrmpa-zone-238","type":"Marine National Park Zone","zone":"Green Zone","color":"#2fae5a","name":"MNP-20-1114","permit":"Clark's Cove / Low Island","source":"GBRMPA"}}]}