{"type":"FeatureCollection","meta":{"tile":"t-24e150","built":"2026-08-25"},"features":[{"type":"Feature","geometry":{"type":"Polygon","coordinates":[[[151.2423,-23.6373],[151.2513,-23.6471],[151.2513,-23.6524],[151.2594,-23.6614],[151.2631,-23.6628],[151.2676,-23.6616],[151.2671,-23.6658],[151.2605,-23.6659],[151.2562,-23.6633],[151.2475,-23.6546],[151.2475,-23.6508],[151.2451,-23.6493],[151.2459,-23.6462],[151.2436,-23.6462],[151.2432,-23.6438],[151.2399,-23.643],[151.2365,-23.6235],[151.2376,-23.6222],[151.2423,-23.6222],[151.2423,-23.6373]]]},"properties":{"id":"gbrmpa-zone-23","type":"Conservation Park Zone","zone":"Yellow Zone","color":"#e8c23f","name":"CP-23-4109","permit":"Curtis Island - eastern coastal strip","source":"GBRMPA"}},{"type":"Feature","geometry":{"type":"Polygon","coordinates":[[[151.6516,-23.9695],[151.6516,-23.9827],[151.6449,-23.9768],[151.6397,-23.9814],[151.6352,-23.9812],[151.6261,-23.9741],[151.6237,-23.9749],[151.6246,-23.9773],[151.6224,-23.9793],[151.6118,-23.9791],[151.6059,-23.9905],[151.6056,-23.9939],[151.6073,-23.9946],[151.6026,-24.0034],[151.6021,-24.0072],[151.6034,-24.0086],[151.5985,-24.0107],[151.606,-23.976],[151.622,-23.965],[151.634,-23.965],[151.6516,-23.9695]]]},"properties":{"id":"gbrmpa-zone-92","type":"Conservation Park Zone","zone":"Yellow Zone","color":"#e8c23f","name":"CP-23-4110","permit":"Richards Point","source":"GBRMPA"}},{"type":"Feature","geometry":{"type":"Polygon","coordinates":[[[152,-22.4151],[150.9995,-22.4151],[150.9995,-21.8434],[151.44,-21.8434],[152.116,-22.23],[152,-22.23],[152,-22.4151]]]},"properties":{"id":"gbrmpa-zone-115","type":"Habitat Protection Zone","zone":"Dark Blue Zone","color":"#3f6fb0","name":"HP-21-5296","permit":"Capricorn Channel","source":"GBRMPA"}},{"type":"Feature","geometry":{"type":"Polygon","coordinates":[[[150.3024,-22.3088],[150.3008,-22.3082],[150.3025,-22.3078],[150.3024,-22.3088]]]},"properties":{"id":"gbrmpa-zone-670","type":"Commonwealth Islands Zone (Other)","zone":"Commonwealth Island","color":"#9aa7ad","name":"Edward Island (22060100)","permit":null,"source":"GBRMPA"}},{"type":"Feature","geometry":{"type":"Polygon","coordinates":[[[150.9155,-23.1555],[150.9275,-23.1615],[150.9275,-23.1785],[150.9146,-23.1785],[150.9017,-23.166],[150.9155,-23.1555]],[[150.9232,-23.1699],[150.9255,-23.1691],[150.9219,-23.1671],[150.9206,-23.1639],[150.9173,-23.1639],[150.9142,-23.1615],[150.9187,-23.1688],[150.9232,-23.1699]]]},"properties":{"id":"gbrmpa-zone-75","type":"Marine National Park Zone","zone":"Green Zone","color":"#2fae5a","name":"MNP-23-1158","permit":"Middle Island Reef (23-010)","source":"GBRMPA"}},{"type":"Feature","geometry":{"type":"Polygon","coordinates":[[[151.7058,-22.8995],[151.7458,-22.8995],[151.7458,-22.9196],[151.7258,-22.9296],[151.7058,-22.9196],[151.7058,-22.8995]]]},"properties":{"id":"gbrmpa-zone-9","type":"Habitat Protection Zone","zone":"Dark Blue Zone","color":"#3f6fb0","name":"HP-22-5345","permit":"Goodwin Shoal (22-160)","source":"GBRMPA"}},{"type":"Feature","geometry":{"type":"Polygon","coordinates":[[[150.4632,-22.229],[150.4577,-22.2293],[150.4531,-22.2331],[150.462,-22.2385],[150.4599,-22.2419],[150.4649,-22.2475],[150.4533,-22.2463],[150.4576,-22.2505],[150.4629,-22.2515],[150.4617,-22.2566],[150.4628,-22.2583],[150.4561,-22.2589],[150.4506,-22.2625],[150.4501,-22.2643],[150.4449,-22.2658],[150.4436,-22.2684],[150.4454,-22.2698],[150.443,-22.2735],[150.44,-22.2672],[150.4301,-22.2714],[150.4253,-22.2769],[150.4261,-22.2856],[150.4293,-22.2878],[150.4266,-22.289],[150.4261,-22.2927],[150.4211,-22.2955],[150.4207,-22.299],[150.4195,-22.2958],[150.4226,-22.2917],[150.4225,-22.2896],[150.4167,-22.2866],[150.4144,-22.2792],[150.4263,-22.2717],[150.4282,-22.2682],[150.4334,-22.2671],[150.4345,-22.265],[150.4321,-22.2629],[150.4363,-22.2627],[150.4356,-22.2594],[150.4369,-22.2603],[150.4392,-22.258],[150.4395,-22.255],[150.4421,-22.2534],[150.4413,-22.247],[150.4416,-22.253],[150.439,-22.2542],[150.4382,-22.2569],[150.4294,-22.2509],[150.4298,-22.2471],[150.4383,-22.2401],[150.439,-22.2308],[150.4546,-22.2266],[150.459,-22.2232],[150.4637,-22.2247],[150.4632,-22.229]]]},"properties":{"id":"gbrmpa-zone-679","type":"Commonwealth Islands Zone (Other)","zone":"Commonwealth Island","color":"#9aa7ad","name":"Leicester Island (22053100)","permit":null,"source":"GBRMPA"}},{"type":"Feature","geometry":{"type":"Polygon","coordinates":[[[151.7789,-23.9999],[151.7706,-23.9999],[151.7706,-23.9916],[151.7789,-23.9916],[151.7789,-23.9999]]]},"properties":{"id":"gbrmpa-zone-89","type":"Habitat Protection Zone","zone":"Dark Blue Zone","color":"#3f6fb0","name":"HP-23-5372","permit":"Middle Rocks (24-004)","source":"GBRMPA"}},{"type":"Feature","geometry":{"type":"Polygon","coordinates":[[[151.3664,-23.7916],[151.3831,-23.8083],[151.3998,-23.8083],[151.3998,-23.8666],[151.3925,-23.8666],[151.3945,-23.8646],[151.3924,-23.8639],[151.3923,-23.8594],[151.3845,-23.8364],[151.3773,-23.8265],[151.3737,-23.8121],[151.3666,-23.8077],[151.36,-23.7981],[151.3511,-23.796],[151.3461,-23.7916],[151.3664,-23.7916]]]},"properties":{"id":"gbrmpa-zone-95","type":"Habitat Protection Zone","zone":"Dark Blue Zone","color":"#3f6fb0","name":"HP-23-5369","permit":"Facing Island Reef (23-061) coastal area","source":"GBRMPA"}},{"type":"Feature","geometry":{"type":"Polygon","coordinates":[[[150.721,-22.337],[150.7203,-22.3367],[150.7198,-22.3352],[150.721,-22.337]]]},"properties":{"id":"gbrmpa-zone-659","type":"Commonwealth Islands Zone (Other)","zone":"Commonwealth Island","color":"#9aa7ad","name":"Clara Group (No 1) (22075102)","permit":null,"source":"GBRMPA"}},{"type":"Feature","geometry":{"type":"Polygon","coordinates":[[[150.7647,-22.449],[150.7639,-22.4491],[150.7622,-22.4475],[150.7647,-22.449]]]},"properties":{"id":"gbrmpa-zone-667","type":"Commonwealth Islands Zone (Other)","zone":"Commonwealth Island","color":"#9aa7ad","name":"Delcomyn Island (22082100)","permit":null,"source":"GBRMPA"}},{"type":"Feature","geometry":{"type":"Polygon","coordinates":[[[150.7527,-22.4544],[150.7512,-22.454],[150.7519,-22.4534],[150.7527,-22.4544]]]},"properties":{"id":"gbrmpa-zone-713","type":"Commonwealth Islands Zone (Other)","zone":"Commonwealth Island","color":"#9aa7ad","name":"U/N Island (99000100)","permit":null,"source":"GBRMPA"}},{"type":"Feature","geometry":{"type":"Polygon","coordinates":[[[150.6574,-22.3293],[150.66,-22.3299],[150.6593,-22.3325],[150.6611,-22.3319],[150.6631,-22.3349],[150.661,-22.3393],[150.6565,-22.3316],[150.6574,-22.3293]]]},"properties":{"id":"gbrmpa-zone-676","type":"Commonwealth Islands Zone (Other)","zone":"Commonwealth Island","color":"#9aa7ad","name":"Island Head (22078100)","permit":null,"source":"GBRMPA"}},{"type":"Feature","geometry":{"type":"Polygon","coordinates":[[[153.3945,-22.5619],[153.5299,-22.9994],[152.7318,-22.9994],[152.7318,-23.6331],[153.4997,-24.2997],[153.4997,-24.4984],[153.1982,-24.4984],[153.1982,-24.3438],[153.1309,-24.295],[153.0472,-24.295],[153.0472,-24.3273],[152.9937,-24.3273],[152.9937,-24.4984],[152.4375,-24.4984],[152.4375,-24.4367],[152.1,-24.4367],[152.1,-24.4984],[152.0412,-24.4985],[152.0115,-24.4447],[152.008,-24.437],[152.0102,-24.434],[152.0082,-24.428],[152.0031,-24.4274],[151.9887,-24.3896],[152.0435,-24.3896],[152.0435,-24.2328],[151.937,-24.2326],[151.9361,-24.2342],[151.9336,-24.2341],[151.9245,-24.2234],[151.9201,-24.2106],[151.9171,-24.2088],[151.9137,-24.2103],[151.9108,-24.2069],[151.907,-24.2095],[151.904,-24.2061],[151.8978,-24.1922],[151.89,-24.1583],[151.8855,-24.1493],[151.8126,-24.1493],[151.8046,-24.1402],[151.7952,-24.1236],[151.7887,-24.1157],[151.777,-24.0827],[151.7699,-24.039],[151.7721,-24.0256],[151.7679,-24.0247],[151.7685,-24.0208],[151.7656,-24.018],[151.772,-24.018],[151.772,-24.008],[151.762,-24.008],[151.762,-24.0158],[151.7604,-24.0175],[151.7585,-24.0169],[151.7574,-24.0199],[151.7551,-24.0197],[151.749,-24.0163],[151.7443,-24.01],[151.7433,-24.0031],[151.7411,-24.0014],[151.7411,-23.9958],[151.7181,-23.9958],[151.7181,-24.015],[151.696,-24.005],[151.6884,-23.993],[151.6884,-23.978],[151.634,-23.965],[151.622,-23.965],[151.606,-23.976],[151.5985,-24.0107],[151.5458,-24.0339],[151.5426,-24.029],[151.5074,-24.0175],[151.4906,-24.0058],[151.4819,-24.0027],[151.4692,-23.9949],[151.4602,-23.9984],[151.4423,-23.9916],[151.4705,-23.9646],[151.4706,-23.9708],[151.4748,-23.9791],[151.4831,-23.9833],[151.4873,-23.9791],[151.5039,-23.9499],[151.5039,-23.9416],[151.4946,-23.9416],[151.551,-23.8877],[151.551,-23.8735],[151.4593,-23.8485],[151.3886,-23.8754],[151.3898,-23.8674],[151.3998,-23.8666],[151.3998,-23.8083],[151.3831,-23.8083],[151.3664,-23.7916],[151.3461,-23.7916],[151.3405,-23.7822],[151.3386,-23.7728],[151.3377,-23.7624],[151.3414,-23.7624],[151.3414,-23.7458],[151.3164,-23.7458],[151.3039,-23.7292],[151.2972,-23.7289],[151.2949,-23.7153],[151.2957,-23.7126],[151.2898,-23.7001],[151.3641,-23.7001],[151.3093,-23.5667],[151.2867,-23.5667],[151.2867,-23.5079],[151.2376,-23.5079],[151.2354,-23.5044],[151.2348,-23.4976],[151.2357,-23.4908],[151.2391,-23.4898],[151.2392,-23.4871],[151.2343,-23.483],[151.1081,-23.4586],[151.1081,-23.4458],[151.0998,-23.4458],[151.0998,-23.4569],[151.0733,-23.4516],[151.0733,-23.4333],[151.0667,-23.4333],[151.0533,-23.42],[151.04,-23.42],[151.04,-23.436],[150.9612,-23.3751],[150.8727,-23.4805],[150.8626,-23.4682],[150.8443,-23.4516],[150.8428,-23.4525],[150.8419,-23.4484],[150.8196,-23.4213],[150.8067,-23.3991],[150.7977,-23.3732],[150.7961,-23.3614],[150.8167,-23.3614],[150.8224,-23.358],[150.8224,-23.3413],[150.8267,-23.3315],[150.8539,-23.3178],[150.8567,-23.3131],[150.8418,-23.3033],[150.8418,-23.2482],[150.8351,-23.2316],[150.8275,-23.2284],[150.8275,-23.2196],[150.8186,-23.2196],[150.8015,-23.1837],[150.8014,-23.1801],[150.7964,-23.1768],[150.7946,-23.1665],[150.7962,-23.1634],[150.801,-23.1635],[150.801,-23.1552],[150.7757,-23.0551],[150.7768,-23.0183],[150.7828,-22.9638],[150.8002,-22.9499],[150.8086,-22.9333],[150.8048,-22.9248],[150.7964,-22.9171],[150.7905,-22.9158],[150.7905,-22.8959],[150.797,-22.8521],[150.7924,-22.8521],[150.7971,-22.8253],[150.7997,-22.8196],[150.8036,-22.8157],[150.8104,-22.8183],[150.8064,-22.8056],[150.8075,-22.8017],[150.8092,-22.7999],[150.8164,-22.7999],[150.8164,-22.7916],[150.8057,-22.7916],[150.8096,-22.7635],[150.8129,-22.7503],[150.8165,-22.7482],[150.8177,-22.7448],[150.8167,-22.7394],[150.8183,-22.7339],[150.8249,-22.7308],[150.8209,-22.7245],[150.8211,-22.7212],[150.8239,-22.7196],[150.8222,-22.7161],[150.823,-22.7112],[150.8261,-22.7081],[150.8256,-22.707],[150.8305,-22.7036],[150.8264,-22.6983],[150.8288,-22.6874],[150.8305,-22.6849],[150.8334,-22.6846],[150.8334,-22.6933],[150.8533,-22.6933],[150.8533,-22.68],[150.8334,-22.68],[150.8328,-22.6838],[150.8298,-22.6819],[150.8173,-22.6812],[150.8166,-22.6771],[150.8126,-22.68],[150.8043,-22.6719],[150.8024,-22.6583],[150.8045,-22.6557],[150.8043,-22.6482],[150.8012,-22.6454],[150.7935,-22.6458],[150.7856,-22.6333],[150.7914,-22.6333],[150.7914,-22.6249],[150.7833,-22.6249],[150.7885,-22.572],[150.804,-22.572],[150.804,-22.5551],[150.7884,-22.5543],[150.7881,-22.5504],[150.7845,-22.5503],[150.7798,-22.545],[150.7823,-22.5444],[150.7798,-22.5405],[150.7811,-22.5387],[150.9185,-22.5382],[150.9185,-22.5824],[151.1402,-22.5824],[151.1402,-22.6502],[151.5046,-22.6502],[151.5046,-22.6831],[151.5806,-22.6831],[151.5806,-22.6501],[151.71,-22.6501],[151.71,-22.5998],[151.9604,-22.5998],[152,-22.625],[152,-22.9057],[152.125,-22.9057],[152.3,-22.73],[152.7,-22.65],[153,-22.325],[152.8,-21.35],[152.8,-21.1496],[152.9633,-21.1496],[153.1813,-21.8672],[153.3945,-22.5619]],[[150.8081,-22.6291],[150.8164,-22.6291],[150.8164,-22.6208],[150.8081,-22.6208],[150.8081,-22.6291]],[[151.7706,-23.9999],[151.7789,-23.9999],[151.7789,-23.9916],[151.7706,-23.9916],[151.7706,-23.9999]],[[151.7706,-23.9833],[151.7789,-23.9833],[151.7789,-23.9708],[151.7706,-23.9708],[151.7706,-23.9833]],[[151.5081,-24.0041],[151.5081,-24.0124],[151.5206,-24.0124],[151.5206,-24.0041],[151.5164,-23.9999],[151.5123,-23.9999],[151.5081,-24.0041]],[[150.952,-22.6641],[150.9598,-22.6641],[150.966,-22.658],[150.966,-22.6501],[150.9578,-22.6501],[150.952,-22.656],[150.952,-22.6641]],[[150.9867,-22.7333],[150.9933,-22.74],[151.0067,-22.74],[151.0067,-22.7337],[150.9963,-22.7237],[150.9867,-22.7237],[150.9867,-22.7333]],[[151.1394,-23.3978],[151.1411,-23.4022],[151.1516,-23.408],[151.1557,-23.408],[151.1585,-23.4067],[151.1647,-23.3994],[151.1647,-23.3949],[151.1607,-23.3934],[151.1424,-23.3956],[151.1394,-23.3978]],[[150.8467,-23.4133],[150.8467,-23.4267],[150.8667,-23.4267],[150.8667,-23.4133],[150.8467,-23.4133]],[[151.5867,-23.0867],[151.6,-23.0933],[151.6133,-23.0933],[151.6133,-23.08],[151.6067,-23.0733],[151.5867,-23.0733],[151.5867,-23.0867]],[[150.86,-23.2533],[150.8867,-23.2533],[150.8867,-23.2333],[150.86,-23.2333],[150.86,-23.2533]],[[151.06,-23.1667],[151.0733,-23.1733],[151.0867,-23.1733],[151.0934,-23.16],[151.0934,-23.1466],[151.0733,-23.1466],[151.06,-23.1533],[151.06,-23.1667]],[[151.64,-23.67],[151.62,-23.66],[151.6,-23.67],[151.6,-23.69],[151.62,-23.7],[151.65,-23.69],[151.64,-23.67]],[[151.7571,-22.8349],[151.7571,-22.8981],[151.791,-22.8981],[151.791,-22.8349],[151.7571,-22.8349]],[[151.6206,-23.0833],[151.6206,-23.1124],[151.7248,-23.1124],[151.7248,-23.0833],[151.6206,-23.0833]],[[151.82,-23],[151.82,-23.0293],[151.8039,-23.0249],[151.7581,-23.0249],[151.7456,-23.0166],[151.7164,-23.0166],[151.7164,-23.0375],[151.7581,-23.0458],[151.7873,-23.0458],[151.8331,-23.0624],[151.87,-23.0624],[151.87,-23.01],[151.86,-23],[151.82,-23]],[[151.6151,-22.8995],[151.7058,-22.8995],[151.7058,-22.9196],[151.7258,-22.9296],[151.7458,-22.9196],[151.7458,-22.8995],[151.7058,-22.8995],[151.7058,-22.8089],[151.6151,-22.8089],[151.6151,-22.8995]],[[150.9581,-23.222],[150.977,-23.222],[150.9998,-23.2083],[150.9998,-23.1089],[151.0872,-23.1089],[151.0872,-23.0532],[150.9055,-23.0532],[150.888,-23.0279],[150.8684,-23.0279],[150.8684,-23.0517],[150.8765,-23.0536],[150.8765,-23.104],[150.886,-23.104],[150.9017,-23.166],[150.9373,-23.1999],[150.9456,-23.1999],[150.9456,-23.1933],[150.9493,-23.1911],[150.9581,-23.1999],[150.9581,-23.222]],[[151.0465,-23.387],[151.2241,-23.387],[151.2241,-23.2632],[151.1552,-23.1866],[151.0466,-23.1866],[151.0466,-23.275],[150.8998,-23.275],[150.8789,-23.2666],[150.8706,-23.2791],[150.8873,-23.2874],[150.9,-23.2874],[150.9,-23.3751],[150.9501,-23.3751],[150.9664,-23.3604],[151.0465,-23.3604],[151.0465,-23.387]],[[151.8591,-23.1382],[151.6724,-23.2977],[151.6724,-23.34],[151.8335,-23.34],[151.885,-23.43],[151.75,-23.485],[151.7,-23.485],[151.7,-23.5333],[151.6039,-23.5333],[151.6039,-23.5596],[151.6387,-23.5929],[151.7206,-23.5929],[151.7206,-23.579],[151.77,-23.5648],[151.9645,-23.5648],[152.3257,-23.9018],[152.38,-23.9018],[152.38,-24.1327],[152.2,-24.1327],[152.2,-24.3331],[152.63,-24.3331],[152.63,-24.23],[152.8,-24.23],[152.8,-24.08],[152.2338,-23.6282],[152.225,-23.5648],[152.225,-23.525],[152.1757,-23.4756],[152.1289,-23.4756],[151.9815,-23.2666],[151.9815,-23.17],[151.9667,-23.1382],[151.8591,-23.1382]]]},"properties":{"id":"gbrmpa-zone-129","type":"General Use Zone","zone":"Light Blue Zone","color":"#7fc3dd","name":"GU-21-6016","permit":null,"source":"GBRMPA"}},{"type":"Feature","geometry":{"type":"Polygon","coordinates":[[[151.5206,-24.0124],[151.5081,-24.0124],[151.5081,-24.0041],[151.5123,-23.9999],[151.5164,-23.9999],[151.5206,-24.0041],[151.5206,-24.0124]]]},"properties":{"id":"gbrmpa-zone-86","type":"Habitat Protection Zone","zone":"Dark Blue Zone","color":"#3f6fb0","name":"HP-23-5374","permit":"Creek Rocks (24-001)","source":"GBRMPA"}},{"type":"Feature","geometry":{"type":"Polygon","coordinates":[[[151.87,-23.0624],[151.8331,-23.0624],[151.7873,-23.0458],[151.7581,-23.0458],[151.7164,-23.0375],[151.7164,-23.0166],[151.7456,-23.0166],[151.7581,-23.0249],[151.8039,-23.0249],[151.82,-23.0293],[151.82,-23],[151.86,-23],[151.87,-23.01],[151.87,-23.0624]]]},"properties":{"id":"gbrmpa-zone-6","type":"Habitat Protection Zone","zone":"Dark Blue Zone","color":"#3f6fb0","name":"HP-22-5346","permit":"Haberfield Shoal (23-042a), Guthrie Shoals (23-042b) and Innamincka Shoals (23-041)","source":"GBRMPA"}},{"type":"Feature","geometry":{"type":"Polygon","coordinates":[[[150.8351,-23.2316],[150.8418,-23.2482],[150.8418,-23.3033],[150.8567,-23.3131],[150.8539,-23.3178],[150.8267,-23.3315],[150.8224,-23.3413],[150.8224,-23.358],[150.8167,-23.3614],[150.7961,-23.3614],[150.7968,-23.3558],[150.7927,-23.3467],[150.7921,-23.3405],[150.7937,-23.3361],[150.7953,-23.3355],[150.7991,-23.3386],[150.7982,-23.3346],[150.7955,-23.3344],[150.7935,-23.3282],[150.7926,-23.3213],[150.7938,-23.3067],[150.8019,-23.2987],[150.8089,-23.2873],[150.8135,-23.2875],[150.8197,-23.2795],[150.8246,-23.2789],[150.8263,-23.2701],[150.8288,-23.2676],[150.8277,-23.266],[150.8305,-23.2538],[150.8258,-23.2526],[150.8241,-23.2495],[150.8241,-23.2425],[150.8275,-23.2355],[150.824,-23.2373],[150.8208,-23.2353],[150.8186,-23.2196],[150.8275,-23.2196],[150.8275,-23.2284],[150.8351,-23.2316]],[[150.812,-23.3571],[150.8166,-23.3567],[150.8134,-23.3549],[150.812,-23.3571]],[[150.8329,-23.287],[150.8341,-23.2867],[150.8341,-23.2851],[150.8329,-23.287]]]},"properties":{"id":"gbrmpa-zone-67","type":"Habitat Protection Zone","zone":"Dark Blue Zone","color":"#3f6fb0","name":"HP-23-5358","permit":"Emu Park-Keppel Sands coastal area: Mother Macgregor Island Reef (23-020), Entrance Rocks (23-021) and Round Rock (23-022)","source":"GBRMPA"}},{"type":"Feature","geometry":{"type":"Polygon","coordinates":[[[151.7411,-23.9958],[151.7411,-24.0014],[151.7381,-24.0037],[151.7378,-24.008],[151.7398,-24.0103],[151.7405,-24.0175],[151.7435,-24.0214],[151.7297,-24.0226],[151.7177,-24.0199],[151.7181,-23.9958],[151.7411,-23.9958]]]},"properties":{"id":"gbrmpa-zone-87","type":"Habitat Protection Zone","zone":"Dark Blue Zone","color":"#3f6fb0","name":"HP-23-5373","permit":"Rodds Peninsula coastal area: Jansen Rock (24-002) and Clews Point (24-003)","source":"GBRMPA"}},{"type":"Feature","geometry":{"type":"Polygon","coordinates":[[[150.9513,-23.336],[150.9513,-23.3584],[150.924,-23.3584],[150.924,-23.336],[150.9513,-23.336]],[[150.9375,-23.3462],[150.9386,-23.3465],[150.9375,-23.3446],[150.9384,-23.3411],[150.9325,-23.3396],[150.9324,-23.3413],[150.9375,-23.3462]],[[150.9322,-23.339],[150.9334,-23.3378],[150.9325,-23.3379],[150.9322,-23.339]],[[150.9398,-23.3527],[150.9402,-23.3524],[150.9396,-23.3513],[150.9398,-23.3527]]]},"properties":{"id":"gbrmpa-zone-38","type":"Preservation Zone","zone":"Pink Zone","color":"#e58fb0","name":"P-23-36","permit":"Peak Island Reef (23-026)","source":"GBRMPA"}},{"type":"Feature","geometry":{"type":"Polygon","coordinates":[[[150.2594,-22.3417],[150.2577,-22.3411],[150.2591,-22.3406],[150.2594,-22.3417]]]},"properties":{"id":"gbrmpa-zone-685","type":"Commonwealth Islands Zone (Other)","zone":"Commonwealth Island","color":"#9aa7ad","name":"Pelican Rock (22074100)","permit":null,"source":"GBRMPA"}},{"type":"Feature","geometry":{"type":"Polygon","coordinates":[[[150.7319,-22.4257],[150.7306,-22.4267],[150.7303,-22.4258],[150.7319,-22.4257]]]},"properties":{"id":"gbrmpa-zone-711","type":"Commonwealth Islands Zone (Other)","zone":"Commonwealth Island","color":"#9aa7ad","name":"U/N Island (22081103)","permit":null,"source":"GBRMPA"}},{"type":"Feature","geometry":{"type":"Polygon","coordinates":[[[151.4705,-23.9646],[151.4946,-23.9416],[151.5039,-23.9416],[151.5039,-23.9499],[151.4873,-23.9791],[151.4831,-23.9833],[151.4748,-23.9791],[151.4706,-23.9708],[151.4705,-23.9646]]]},"properties":{"id":"gbrmpa-zone-93","type":"Habitat Protection Zone","zone":"Dark Blue Zone","color":"#3f6fb0","name":"HP-23-5370","permit":"Seal Rocks (23-067a, b and c)","source":"GBRMPA"}},{"type":"Feature","geometry":{"type":"Polygon","coordinates":[[[150.8164,-22.6291],[150.8081,-22.6291],[150.8081,-22.6208],[150.8164,-22.6208],[150.8164,-22.6291]]]},"properties":{"id":"gbrmpa-zone-18","type":"Habitat Protection Zone","zone":"Dark Blue Zone","color":"#3f6fb0","name":"HP-22-5338","permit":"Double Rock Reef (22-150)","source":"GBRMPA"}},{"type":"Feature","geometry":{"type":"Polygon","coordinates":[[[151.1081,-23.4586],[151.2333,-23.4836],[151.2297,-23.49],[151.2302,-23.4916],[151.2317,-23.49],[151.2323,-23.4934],[151.2293,-23.4978],[151.2234,-23.5018],[151.207,-23.5084],[151.204,-23.5045],[151.2063,-23.5087],[151.2002,-23.5111],[151.1886,-23.5088],[151.174,-23.5114],[151.159,-23.5099],[151.1238,-23.4897],[151.1187,-23.488],[151.1176,-23.4912],[151.1133,-23.4909],[151.1129,-23.4921],[151.1066,-23.4866],[151.1041,-23.4885],[151.0977,-23.4875],[151.0934,-23.4824],[151.0861,-23.4783],[151.0833,-23.4678],[151.0611,-23.4491],[151.1081,-23.4586]],[[151.0946,-23.474],[151.0899,-23.4751],[151.0977,-23.4767],[151.0981,-23.4806],[151.1067,-23.4823],[151.0977,-23.4741],[151.0946,-23.474]],[[151.1847,-23.4962],[151.1987,-23.4987],[151.1921,-23.4957],[151.1847,-23.4962]],[[151.2065,-23.5037],[151.2082,-23.5043],[151.2055,-23.502],[151.1995,-23.4994],[151.2065,-23.5037]],[[151.1055,-23.4838],[151.1095,-23.4848],[151.1109,-23.489],[151.1128,-23.49],[151.1098,-23.484],[151.1055,-23.4838]],[[151.1823,-23.4972],[151.1816,-23.4964],[151.1741,-23.4972],[151.1823,-23.4972]],[[151.1631,-23.5062],[151.1581,-23.5083],[151.1643,-23.5062],[151.1677,-23.507],[151.1631,-23.5062]],[[151.1055,-23.4854],[151.1037,-23.4861],[151.1057,-23.4867],[151.1055,-23.4854]]]},"properties":{"id":"gbrmpa-zone-30","type":"Conservation Park Zone","zone":"Yellow Zone","color":"#e8c23f","name":"CP-23-4107","permit":"Curtis Island northern coastline - Yellow Patches - Cape Capricorn","source":"GBRMPA"}},{"type":"Feature","geometry":{"type":"Polygon","coordinates":[[[150.7733,-22.4767],[150.7756,-22.4822],[150.7718,-22.4775],[150.7733,-22.4767]]]},"properties":{"id":"gbrmpa-zone-671","type":"Commonwealth Islands Zone (Other)","zone":"Commonwealth Island","color":"#9aa7ad","name":"Entrance Island (22083100)","permit":null,"source":"GBRMPA"}},{"type":"Feature","geometry":{"type":"Polygon","coordinates":[[[150.414,-22.2154],[150.4127,-22.2152],[150.4133,-22.2145],[150.414,-22.2154]]]},"properties":{"id":"gbrmpa-zone-674","type":"Commonwealth Islands Zone (Other)","zone":"Commonwealth Island","color":"#9aa7ad","name":"Harrison Island (22048101)","permit":null,"source":"GBRMPA"}},{"type":"Feature","geometry":{"type":"Polygon","coordinates":[[[150.4449,-22.3113],[150.4478,-22.3138],[150.4502,-22.3134],[150.449,-22.3156],[150.4507,-22.3178],[150.45,-22.321],[150.4462,-22.3201],[150.4465,-22.3172],[150.442,-22.3135],[150.4423,-22.3115],[150.4449,-22.3113]]]},"properties":{"id":"gbrmpa-zone-682","type":"Commonwealth Islands Zone (Other)","zone":"Commonwealth Island","color":"#9aa7ad","name":"Marquis Island (22063102)","permit":null,"source":"GBRMPA"}},{"type":"Feature","geometry":{"type":"Polygon","coordinates":[[[151.6133,-23.0933],[151.6,-23.0933],[151.5867,-23.0867],[151.5867,-23.0733],[151.6067,-23.0733],[151.6133,-23.08],[151.6133,-23.0933]]]},"properties":{"id":"gbrmpa-zone-41","type":"Habitat Protection Zone","zone":"Dark Blue Zone","color":"#3f6fb0","name":"HP-23-5348","permit":"Johnson Patch (23-043)","source":"GBRMPA"}},{"type":"Feature","geometry":{"type":"Polygon","coordinates":[[[151.7789,-23.9833],[151.7706,-23.9833],[151.7706,-23.9708],[151.7789,-23.9708],[151.7789,-23.9833]]]},"properties":{"id":"gbrmpa-zone-90","type":"Habitat Protection Zone","zone":"Dark Blue Zone","color":"#3f6fb0","name":"HP-23-5371","permit":"Outer Rocks (23-075)","source":"GBRMPA"}},{"type":"Feature","geometry":{"type":"Polygon","coordinates":[[[150.4736,-22.2256],[150.4777,-22.2254],[150.4747,-22.227],[150.4737,-22.2298],[150.4749,-22.2319],[150.4829,-22.2311],[150.4835,-22.2288],[150.4899,-22.2259],[150.4894,-22.2316],[150.4949,-22.2331],[150.4978,-22.2399],[150.4944,-22.2367],[150.4907,-22.2359],[150.4917,-22.2424],[150.4897,-22.242],[150.489,-22.2398],[150.4853,-22.2427],[150.4889,-22.2496],[150.4937,-22.2526],[150.4918,-22.2523],[150.4916,-22.2542],[150.4854,-22.2497],[150.4836,-22.25],[150.483,-22.252],[150.4801,-22.2497],[150.4775,-22.2541],[150.4866,-22.255],[150.4859,-22.2568],[150.4882,-22.2572],[150.4889,-22.2606],[150.494,-22.2646],[150.4919,-22.2654],[150.4942,-22.267],[150.4971,-22.2656],[150.4989,-22.2688],[150.5008,-22.2688],[150.4989,-22.2695],[150.4965,-22.2668],[150.4935,-22.269],[150.4912,-22.2665],[150.4894,-22.2684],[150.4897,-22.2654],[150.4867,-22.262],[150.4856,-22.2648],[150.4841,-22.261],[150.4798,-22.2643],[150.4823,-22.2611],[150.4801,-22.2591],[150.4783,-22.2635],[150.4771,-22.26],[150.4742,-22.2606],[150.4709,-22.2637],[150.476,-22.267],[150.4744,-22.2679],[150.4755,-22.2688],[150.4732,-22.2673],[150.4719,-22.2685],[150.4722,-22.2659],[150.4687,-22.266],[150.4707,-22.2724],[150.4762,-22.2732],[150.4715,-22.2746],[150.4715,-22.2765],[150.4816,-22.2772],[150.485,-22.2793],[150.4802,-22.278],[150.4776,-22.2785],[150.4774,-22.2801],[150.4765,-22.2786],[150.4731,-22.2809],[150.4699,-22.2806],[150.4693,-22.2826],[150.4718,-22.2853],[150.4673,-22.2858],[150.4619,-22.2918],[150.4617,-22.2942],[150.4585,-22.2963],[150.4632,-22.301],[150.4666,-22.2957],[150.4723,-22.2941],[150.4739,-22.2969],[150.4757,-22.2959],[150.478,-22.3015],[150.4829,-22.3026],[150.4832,-22.307],[150.4861,-22.3107],[150.4873,-22.3088],[150.492,-22.3093],[150.4931,-22.3045],[150.4936,-22.306],[150.494,-22.3041],[150.4994,-22.3031],[150.5,-22.3002],[150.5017,-22.3003],[150.5005,-22.3008],[150.5014,-22.3026],[150.497,-22.3051],[150.4954,-22.3078],[150.5014,-22.3081],[150.4951,-22.3094],[150.4941,-22.3118],[150.4922,-22.3123],[150.4923,-22.3141],[150.4881,-22.3146],[150.4884,-22.3171],[150.4868,-22.3173],[150.486,-22.3155],[150.4799,-22.3158],[150.4805,-22.3185],[150.4781,-22.3197],[150.4821,-22.323],[150.4886,-22.3222],[150.4905,-22.3248],[150.4866,-22.3238],[150.486,-22.3257],[150.4873,-22.3264],[150.4831,-22.3266],[150.4816,-22.3286],[150.4814,-22.3275],[150.4771,-22.332],[150.4816,-22.3331],[150.4809,-22.335],[150.4763,-22.3342],[150.4755,-22.3357],[150.4771,-22.3397],[150.4807,-22.3413],[150.4806,-22.3451],[150.4829,-22.3476],[150.4829,-22.4012],[150.5307,-22.4011],[150.5308,-22.4028],[150.5349,-22.4032],[150.5356,-22.4066],[150.5391,-22.404],[150.5413,-22.4051],[150.5413,-22.4106],[150.5389,-22.4135],[150.5407,-22.4153],[150.5404,-22.4185],[150.5341,-22.4233],[150.5378,-22.4321],[150.54,-22.4347],[150.5422,-22.4345],[150.5408,-22.4355],[150.5424,-22.4367],[150.5415,-22.4396],[150.5356,-22.4452],[150.5328,-22.4452],[150.5338,-22.4503],[150.5466,-22.4658],[150.5488,-22.4705],[150.5557,-22.4758],[150.5548,-22.4828],[150.4859,-22.5219],[150.4707,-22.5273],[150.452,-22.5229],[150.4483,-22.5192],[150.4485,-22.5161],[150.4431,-22.5128],[150.4378,-22.512],[150.4377,-22.5091],[150.4345,-22.5085],[150.424,-22.4984],[150.4212,-22.4971],[150.4194,-22.4981],[150.4204,-22.4976],[150.4159,-22.4939],[150.4124,-22.494],[150.4118,-22.4954],[150.406,-22.4922],[150.4033,-22.4852],[150.4034,-22.4808],[150.4014,-22.4812],[150.4002,-22.4778],[150.3966,-22.4768],[150.3969,-22.4754],[150.3868,-22.4724],[150.3844,-22.4647],[150.3785,-22.4627],[150.3685,-22.4626],[150.3671,-22.4595],[150.3583,-22.453],[150.3564,-22.4496],[150.3504,-22.4493],[150.3414,-22.4413],[150.3341,-22.441],[150.3306,-22.4382],[150.3287,-22.4392],[150.3296,-22.4375],[150.3284,-22.4353],[150.3302,-22.4359],[150.3306,-22.4327],[150.3255,-22.4319],[150.3223,-22.4263],[150.3148,-22.4262],[150.3012,-22.4211],[150.3007,-22.4141],[150.3034,-22.411],[150.3009,-22.4112],[150.2989,-22.4071],[150.2988,-22.4006],[150.3005,-22.3973],[150.2948,-22.4029],[150.2876,-22.4019],[150.2799,-22.3979],[150.2757,-22.4009],[150.2711,-22.4017],[150.2651,-22.4004],[150.2649,-22.3983],[150.2635,-22.3981],[150.2642,-22.3956],[150.2609,-22.3977],[150.2552,-22.396],[150.2466,-22.3972],[150.2457,-22.3946],[150.2282,-22.3915],[150.2284,-22.3937],[150.2269,-22.394],[150.2236,-22.3922],[150.2254,-22.3907],[150.2165,-22.3901],[150.2162,-22.385],[150.2141,-22.3855],[150.2103,-22.3813],[150.2062,-22.3688],[150.2041,-22.3706],[150.2,-22.3706],[150.1957,-22.3688],[150.1976,-22.3672],[150.1928,-22.3666],[150.191,-22.3686],[150.19,-22.366],[150.1865,-22.3657],[150.1776,-22.3604],[150.1786,-22.3576],[150.1756,-22.3567],[150.1755,-22.3516],[150.179,-22.3407],[150.1826,-22.3401],[150.1857,-22.336],[150.1879,-22.3356],[150.1879,-22.329],[150.1905,-22.3254],[150.1928,-22.3261],[150.1922,-22.3247],[150.1795,-22.315],[150.179,-22.3117],[150.177,-22.3128],[150.1729,-22.3115],[150.1666,-22.3066],[150.1603,-22.3082],[150.1554,-22.2983],[150.1599,-22.2943],[150.4214,-22.2991],[150.4211,-22.2955],[150.4261,-22.2927],[150.4266,-22.289],[150.4293,-22.2878],[150.4261,-22.2856],[150.4253,-22.2769],[150.4301,-22.2714],[150.44,-22.2672],[150.443,-22.2735],[150.4454,-22.2698],[150.4436,-22.2684],[150.4449,-22.2658],[150.4501,-22.2643],[150.4506,-22.2625],[150.4561,-22.2589],[150.4628,-22.2583],[150.4617,-22.2566],[150.4629,-22.2515],[150.4576,-22.2505],[150.4533,-22.2463],[150.4649,-22.2475],[150.4599,-22.2419],[150.462,-22.2385],[150.4531,-22.233],[150.4577,-22.2293],[150.4632,-22.229],[150.4631,-22.2253],[150.4693,-22.2205],[150.472,-22.2219],[150.4736,-22.2256]],[[150.279,-22.3464],[150.2728,-22.3471],[150.2736,-22.349],[150.2704,-22.3512],[150.27,-22.3545],[150.2663,-22.3582],[150.2618,-22.3575],[150.2611,-22.3595],[150.2541,-22.3615],[150.2512,-22.3644],[150.2563,-22.363],[150.2605,-22.3642],[150.2624,-22.3715],[150.2654,-22.3689],[150.2727,-22.3521],[150.2783,-22.3491],[150.2801,-22.3516],[150.2839,-22.3518],[150.279,-22.3464]],[[150.4453,-22.3117],[150.4423,-22.3115],[150.442,-22.3135],[150.4465,-22.3172],[150.4462,-22.3201],[150.45,-22.321],[150.4507,-22.3178],[150.449,-22.3156],[150.4502,-22.3134],[150.4478,-22.3138],[150.4453,-22.3117]],[[150.2071,-22.3216],[150.2081,-22.318],[150.202,-22.3169],[150.2021,-22.323],[150.205,-22.3242],[150.2071,-22.3216]],[[150.4638,-22.3352],[150.4629,-22.3406],[150.4646,-22.339],[150.465,-22.3338],[150.4638,-22.3352]],[[150.4493,-22.3053],[150.4563,-22.3114],[150.4539,-22.3074],[150.4493,-22.3053]],[[150.3264,-22.3565],[150.3291,-22.3547],[150.3269,-22.3544],[150.3264,-22.3565]],[[150.2305,-22.308],[150.2283,-22.3055],[150.2276,-22.3078],[150.2305,-22.308]],[[150.3129,-22.3279],[150.3145,-22.3288],[150.3141,-22.3265],[150.3129,-22.3279]],[[150.2008,-22.3687],[150.1984,-22.3679],[150.1994,-22.37],[150.2008,-22.3687]],[[150.3255,-22.4292],[150.3255,-22.4276],[150.3231,-22.4263],[150.3255,-22.4292]],[[150.2577,-22.3415],[150.2587,-22.3421],[150.2596,-22.341],[150.2577,-22.3415]],[[150.2043,-22.3688],[150.2023,-22.3693],[150.2034,-22.3702],[150.2043,-22.3688]],[[150.4601,-22.3447],[150.4608,-22.3432],[150.4599,-22.3435],[150.4601,-22.3447]],[[150.3008,-22.3082],[150.3026,-22.3085],[150.3025,-22.3078],[150.3008,-22.3082]],[[150.448,-22.3239],[150.449,-22.324],[150.4492,-22.3229],[150.448,-22.3239]],[[150.2406,-22.3092],[150.2392,-22.3092],[150.2402,-22.3101],[150.2406,-22.3092]]]},"properties":{"id":"gbrmpa-zone-737","type":"Marine National Park Zone","zone":"Green Zone","color":"#2fae5a","name":"MNP-22-1151","permit":"Shoalwater Bay","source":"GBRMPA"}},{"type":"Feature","geometry":{"type":"Polygon","coordinates":[[[150.7585,-22.4784],[150.7562,-22.4784],[150.7557,-22.4758],[150.7585,-22.4784]]]},"properties":{"id":"gbrmpa-zone-712","type":"Commonwealth Islands Zone (Other)","zone":"Commonwealth Island","color":"#9aa7ad","name":"U/N Island (22815100)","permit":null,"source":"GBRMPA"}},{"type":"Feature","geometry":{"type":"Polygon","coordinates":[[[151.3039,-23.7292],[151.3164,-23.7458],[151.3414,-23.7458],[151.3414,-23.7624],[151.3377,-23.7624],[151.3356,-23.755],[151.3326,-23.7536],[151.3302,-23.7558],[151.3098,-23.7549],[151.3037,-23.7485],[151.2994,-23.7391],[151.2973,-23.7292],[151.3039,-23.7292]]]},"properties":{"id":"gbrmpa-zone-96","type":"Habitat Protection Zone","zone":"Dark Blue Zone","color":"#3f6fb0","name":"HP-23-5367","permit":"Curtis Island - south coastal area","source":"GBRMPA"}},{"type":"Feature","geometry":{"type":"Polygon","coordinates":[[[150.5159,-22.3703],[150.5142,-22.3696],[150.5155,-22.3697],[150.5159,-22.3703]]]},"properties":{"id":"gbrmpa-zone-706","type":"Commonwealth Islands Zone (Other)","zone":"Commonwealth Island","color":"#9aa7ad","name":"Triangular Islands (22077103)","permit":null,"source":"GBRMPA"}},{"type":"Feature","geometry":{"type":"Polygon","coordinates":[[[150.8867,-23.2333],[150.8867,-23.2533],[150.86,-23.2533],[150.86,-23.2333],[150.8867,-23.2333]],[[150.8694,-23.241],[150.8791,-23.2434],[150.8738,-23.2399],[150.8694,-23.241]]]},"properties":{"id":"gbrmpa-zone-65","type":"Habitat Protection Zone","zone":"Dark Blue Zone","color":"#3f6fb0","name":"HP-23-5355","permit":"Pelican Island Reef (23-017)","source":"GBRMPA"}},{"type":"Feature","geometry":{"type":"Polygon","coordinates":[[[150.7155,-22.3399],[150.7141,-22.3384],[150.715,-22.3379],[150.7155,-22.3399]]]},"properties":{"id":"gbrmpa-zone-660","type":"Commonwealth Islands Zone (Other)","zone":"Commonwealth Island","color":"#9aa7ad","name":"Clara Group (No 2) (22075101)","permit":null,"source":"GBRMPA"}},{"type":"Feature","geometry":{"type":"Polygon","coordinates":[[[151.5806,-22.6501],[151.5806,-22.6831],[151.5046,-22.6831],[151.5046,-22.6096],[151.5806,-22.6096],[151.5806,-22.6501]]]},"properties":{"id":"gbrmpa-zone-19","type":"Habitat Protection Zone","zone":"Dark Blue Zone","color":"#3f6fb0","name":"HP-22-5337","permit":"Karamea Bank (22-156)","source":"GBRMPA"}},{"type":"Feature","geometry":{"type":"Polygon","coordinates":[[[150.9347,-23.1895],[150.926,-23.1895],[150.9146,-23.1785],[150.9309,-23.1785],[150.9361,-23.182],[150.9339,-23.1861],[150.9347,-23.1895]]]},"properties":{"id":"gbrmpa-zone-73","type":"Conservation Park Zone","zone":"Yellow Zone","color":"#e8c23f","name":"CP-23-4102","permit":"Great Keppel Island - western side","source":"GBRMPA"}},{"type":"Feature","geometry":{"type":"Polygon","coordinates":[[[152.2,-22.04],[152.2,-22],[152.32,-22.0004],[152.32,-22.02],[152.33,-22.03],[152.37,-22.03],[152.37,-22.0007],[152.4299,-22.0198],[152.49,-22.0362],[152.49,-22.06],[152.48,-22.06],[152.46,-22.08],[152.46,-22.1],[152.48,-22.12],[152.54,-22.12],[152.55,-22.11],[152.55,-22.09],[152.5741,-22.09],[152.5741,-22.2762],[152.65,-22.35],[152.58,-22.3636],[152.58,-22.41],[152.422,-22.41],[152.116,-22.23],[151.44,-21.8434],[151.44,-21.6438],[151.5813,-21.7872],[151.6338,-21.7872],[151.6041,-21.683],[151.6464,-21.683],[151.6464,-21.66],[151.67,-21.66],[151.67,-21.671],[151.7114,-21.671],[151.7114,-21.6402],[151.67,-21.6402],[151.67,-21.5013],[151.7218,-21.5013],[151.7218,-21.5284],[151.7551,-21.5483],[151.8298,-21.5269],[151.8298,-21.501],[151.8912,-21.501],[151.8912,-21.5417],[151.9356,-21.5417],[152.0111,-21.5232],[151.9912,-21.5563],[151.9171,-21.5676],[151.8846,-21.6105],[151.8993,-21.6327],[151.8993,-21.6652],[151.9364,-21.6652],[151.9364,-21.6477],[151.971,-21.59],[152.02,-21.59],[152.06,-21.55],[152.06,-21.5],[152.25,-21.5],[152.25,-21.7382],[152.2343,-21.7543],[152.22,-21.74],[152.2133,-21.74],[152.18,-21.7533],[152.18,-21.7733],[152.2069,-21.7823],[152.1286,-21.8622],[152.0106,-21.949],[152.0106,-21.9789],[152.2,-21.9789],[152.2,-22],[152.18,-22],[152.16,-22.01],[152.1,-22.01],[152.09,-22.02],[152.11,-22.04],[152.2,-22.04]],[[152.48,-22.29],[152.48,-22.3],[152.49,-22.3],[152.49,-22.29],[152.48,-22.29]],[[152.22,-21.68],[152.22,-21.6933],[152.2334,-21.6933],[152.2334,-21.68],[152.22,-21.68]],[[152.55,-22.19],[152.54,-22.2],[152.54,-22.21],[152.55,-22.21],[152.56,-22.2],[152.55,-22.19]],[[151.964,-21.66],[151.98,-21.66],[151.98,-21.64],[151.964,-21.64],[151.964,-21.66]],[[152.27,-22.11],[152.28,-22.12],[152.29,-22.12],[152.3,-22.11],[152.29,-22.1],[152.27,-22.11]],[[152.0934,-21.6333],[152.0934,-21.6467],[152.1067,-21.6467],[152.1134,-21.64],[152.1134,-21.6267],[152.1,-21.6267],[152.0934,-21.6333]],[[152.54,-22.26],[152.54,-22.28],[152.5533,-22.28],[152.56,-22.2733],[152.56,-22.26],[152.54,-22.26]],[[152.3134,-22.06],[152.32,-22.0667],[152.34,-22.0667],[152.34,-22.0533],[152.3334,-22.0467],[152.32,-22.0467],[152.3134,-22.06]],[[152.5067,-22.24],[152.5067,-22.2533],[152.5267,-22.2533],[152.5334,-22.2467],[152.5334,-22.2333],[152.5134,-22.2333],[152.5067,-22.24]],[[151.6952,-21.5772],[151.7196,-21.5772],[151.7196,-21.5542],[151.6952,-21.5542],[151.6952,-21.5772]],[[152.26,-22.03],[152.29,-22.03],[152.29,-22.01],[152.26,-22.01],[152.26,-22.03]],[[152.06,-22.04],[152.0667,-22.0467],[152.08,-22.0467],[152.0867,-22.04],[152.0867,-22.0267],[152.08,-22.02],[152.0667,-22.02],[152.06,-22.0267],[152.06,-22.04]],[[151.8476,-21.7088],[151.8789,-21.7088],[151.8779,-21.6874],[151.8476,-21.6874],[151.8476,-21.7088]],[[152.5067,-22.1733],[152.5067,-22.1867],[152.5134,-22.1933],[152.5267,-22.1933],[152.54,-22.18],[152.54,-22.1667],[152.5134,-22.1667],[152.5067,-22.1733]],[[152.06,-21.6067],[152.0867,-21.6067],[152.0934,-21.6],[152.0934,-21.5867],[152.0867,-21.58],[152.0733,-21.58],[152.06,-21.5933],[152.06,-21.6067]],[[152.1748,-21.5666],[152.2039,-21.5666],[152.2123,-21.5583],[152.2123,-21.5416],[152.1914,-21.5416],[152.1748,-21.5583],[152.1748,-21.5666]],[[152.23,-22.084],[152.23,-22.106],[152.266,-22.106],[152.266,-22.084],[152.23,-22.084]],[[152.33,-22.1],[152.34,-22.11],[152.37,-22.11],[152.38,-22.1],[152.37,-22.09],[152.34,-22.09],[152.33,-22.1]],[[152.4289,-22.1833],[152.4498,-22.1833],[152.4581,-22.1749],[152.4581,-22.15],[152.4414,-22.15],[152.4289,-22.1624],[152.4289,-22.1833]],[[152.18,-21.62],[152.22,-21.62],[152.22,-21.6067],[152.2067,-21.6067],[152.2067,-21.5933],[152.1867,-21.5933],[152.18,-21.6],[152.18,-21.62]],[[152.5164,-22.3708],[152.5456,-22.3916],[152.5664,-22.3916],[152.5664,-22.3708],[152.5498,-22.3708],[152.5331,-22.3624],[152.5164,-22.3624],[152.5164,-22.3708]],[[152.5164,-22.1458],[152.5164,-22.1583],[152.5414,-22.1583],[152.5414,-22.1624],[152.5581,-22.1624],[152.5623,-22.1583],[152.5623,-22.15],[152.5581,-22.1458],[152.5498,-22.1458],[152.5498,-22.1333],[152.5289,-22.1333],[152.5164,-22.1458]],[[151.9623,-21.7125],[151.979,-21.7291],[152.0039,-21.7291],[152.0039,-21.7125],[151.9914,-21.6999],[151.9623,-21.6999],[151.9623,-21.7125]],[[152.41,-22.03],[152.41,-22.06],[152.44,-22.06],[152.45,-22.05],[152.45,-22.04],[152.44,-22.03],[152.41,-22.03]],[[152.4706,-22.2041],[152.4956,-22.2249],[152.5164,-22.2041],[152.5164,-22.1999],[152.4914,-22.1749],[152.4706,-22.1958],[152.4706,-22.2041]],[[152.0873,-21.6791],[152.0623,-21.6958],[152.0623,-21.7166],[152.0789,-21.7166],[152.1164,-21.6999],[152.1164,-21.6791],[152.0873,-21.6791]],[[151.9,-21.9],[151.92,-21.9],[151.96,-21.8867],[151.96,-21.8733],[151.9534,-21.8667],[151.92,-21.8667],[151.9,-21.8733],[151.9,-21.9]],[[152.0914,-21.7833],[152.0914,-21.7958],[152.0998,-21.8041],[152.1248,-21.8041],[152.1331,-21.8125],[152.1498,-21.8125],[152.1664,-21.8041],[152.1664,-21.7791],[152.1373,-21.7791],[152.1289,-21.775],[152.1039,-21.775],[152.0914,-21.7833]],[[151.9373,-21.7666],[151.9498,-21.7791],[151.979,-21.7791],[151.9872,-21.7708],[151.9872,-21.7583],[151.979,-21.75],[151.9664,-21.75],[151.9664,-21.7333],[151.9539,-21.7208],[151.9373,-21.7208],[151.9206,-21.7291],[151.9206,-21.75],[151.9373,-21.75],[151.9373,-21.7666]],[[151.94,-21.86],[152,-21.86],[152.02,-21.84],[152.02,-21.81],[151.99,-21.81],[151.94,-21.84],[151.94,-21.86]],[[151.83,-21.81],[151.87,-21.82],[151.91,-21.84],[151.92,-21.84],[151.92,-21.79],[151.87,-21.79],[151.87,-21.7875],[151.83,-21.7875],[151.83,-21.81]],[[152.33,-22.27],[152.36,-22.28],[152.48,-22.28],[152.48,-22.25],[152.36,-22.25],[152.33,-22.24],[152.33,-22.27]],[[151.7499,-21.6001],[151.7581,-21.6652],[151.8232,-21.6652],[151.8232,-21.606],[151.7921,-21.5676],[151.7669,-21.5676],[151.7499,-21.6001]],[[151.6996,-21.7266],[151.7714,-21.7872],[151.7891,-21.7872],[151.7891,-21.6867],[151.6996,-21.6867],[151.6996,-21.7266]]]},"properties":{"id":"gbrmpa-zone-171","type":"General Use Zone","zone":"Light Blue Zone","color":"#7fc3dd","name":"GU-21-6017","permit":null,"source":"GBRMPA"}},{"type":"Feature","geometry":{"type":"Polygon","coordinates":[[[150.449,-22.324],[150.448,-22.3236],[150.4492,-22.3229],[150.449,-22.324]]]},"properties":{"id":"gbrmpa-zone-666","type":"Commonwealth Islands Zone (Other)","zone":"Commonwealth Island","color":"#9aa7ad","name":"Crane Island (22065101)","permit":null,"source":"GBRMPA"}},{"type":"Feature","geometry":{"type":"Polygon","coordinates":[[[152.2338,-23.6282],[152.106,-23.6969],[151.9645,-23.5648],[152.225,-23.5648],[152.2338,-23.6282]]]},"properties":{"id":"gbrmpa-zone-25","type":"Habitat Protection Zone","zone":"Dark Blue Zone","color":"#3f6fb0","name":"HP-23-5364","permit":"Lamont Reef (23-076) and Fitzroy Reef (23-077)","source":"GBRMPA"}},{"type":"Feature","geometry":{"type":"Polygon","coordinates":[[[150.8667,-23.4133],[150.8667,-23.4267],[150.8467,-23.4267],[150.8467,-23.4133],[150.8667,-23.4133]],[[150.8575,-23.4224],[150.8587,-23.4217],[150.8577,-23.4215],[150.8575,-23.4224]]]},"properties":{"id":"gbrmpa-zone-36","type":"Habitat Protection Zone","zone":"Dark Blue Zone","color":"#3f6fb0","name":"HP-23-5361","permit":"Quartz Rock (23-029)","source":"GBRMPA"}},{"type":"Feature","geometry":{"type":"Polygon","coordinates":[[[150.48,-22.205],[150.4888,-22.2054],[150.4902,-22.2063],[150.4893,-22.2079],[150.4939,-22.2112],[150.4995,-22.2111],[150.5027,-22.2125],[150.5024,-22.214],[150.5059,-22.2139],[150.507,-22.2156],[150.5058,-22.2169],[150.5102,-22.2183],[150.5192,-22.2248],[150.5221,-22.2289],[150.5198,-22.2328],[150.5209,-22.239],[150.5241,-22.2428],[150.5298,-22.2446],[150.5306,-22.2475],[150.5277,-22.2491],[150.5301,-22.2529],[150.5258,-22.252],[150.5263,-22.2562],[150.5245,-22.2572],[150.5271,-22.2606],[150.5296,-22.2603],[150.5295,-22.264],[150.5341,-22.2639],[150.5351,-22.2681],[150.5327,-22.2729],[150.5342,-22.276],[150.5432,-22.2789],[150.5527,-22.2794],[150.551,-22.2811],[150.5541,-22.2847],[150.5531,-22.2859],[150.5546,-22.2876],[150.5532,-22.2901],[150.5613,-22.2957],[150.5595,-22.296],[150.5565,-22.3001],[150.5552,-22.3044],[150.5519,-22.3035],[150.5471,-22.2965],[150.5422,-22.3017],[150.543,-22.3058],[150.5463,-22.3092],[150.5425,-22.3096],[150.5427,-22.3125],[150.5404,-22.3135],[150.5405,-22.3168],[150.5445,-22.3176],[150.5421,-22.3209],[150.5386,-22.3223],[150.5369,-22.3204],[150.5354,-22.322],[150.5344,-22.3194],[150.5312,-22.319],[150.5297,-22.3163],[150.5268,-22.3163],[150.525,-22.3177],[150.5265,-22.3179],[150.5293,-22.3249],[150.5252,-22.3225],[150.5224,-22.3244],[150.5202,-22.3232],[150.516,-22.3251],[150.5161,-22.3274],[150.5226,-22.3334],[150.5159,-22.3342],[150.5146,-22.3355],[150.5154,-22.3373],[150.5118,-22.338],[150.5107,-22.3403],[150.5087,-22.3366],[150.5091,-22.3328],[150.5046,-22.3342],[150.5036,-22.3364],[150.5007,-22.3361],[150.5006,-22.3383],[150.4983,-22.3399],[150.5005,-22.3423],[150.4999,-22.3434],[150.497,-22.3416],[150.494,-22.3423],[150.4918,-22.3404],[150.4887,-22.3416],[150.4901,-22.3481],[150.4871,-22.3475],[150.4861,-22.3494],[150.4829,-22.3489],[150.4821,-22.3455],[150.4806,-22.3451],[150.4807,-22.3413],[150.4771,-22.3397],[150.4755,-22.3357],[150.4763,-22.3342],[150.4809,-22.335],[150.4816,-22.3331],[150.4771,-22.332],[150.4814,-22.3275],[150.4816,-22.3286],[150.4831,-22.3266],[150.4873,-22.3264],[150.486,-22.3257],[150.4866,-22.3238],[150.4904,-22.3245],[150.4877,-22.3219],[150.4821,-22.323],[150.4781,-22.3197],[150.4805,-22.3185],[150.4799,-22.3158],[150.486,-22.3155],[150.4868,-22.3173],[150.4884,-22.3171],[150.4881,-22.3146],[150.4923,-22.3141],[150.4922,-22.3123],[150.4941,-22.3118],[150.4951,-22.3094],[150.5014,-22.3081],[150.4954,-22.3078],[150.497,-22.3051],[150.5014,-22.3026],[150.5005,-22.3008],[150.5017,-22.3003],[150.5,-22.3002],[150.4994,-22.3031],[150.494,-22.3041],[150.4936,-22.306],[150.4931,-22.3045],[150.492,-22.3093],[150.4873,-22.3088],[150.4861,-22.3107],[150.4832,-22.307],[150.4829,-22.3026],[150.478,-22.3015],[150.4757,-22.2959],[150.4739,-22.2969],[150.4723,-22.2941],[150.4666,-22.2957],[150.4632,-22.301],[150.4585,-22.2963],[150.4617,-22.2942],[150.4619,-22.2918],[150.4673,-22.2858],[150.4718,-22.2853],[150.4693,-22.2826],[150.4699,-22.2806],[150.4731,-22.2809],[150.4765,-22.2786],[150.4774,-22.2801],[150.4776,-22.2785],[150.4802,-22.278],[150.485,-22.2793],[150.4816,-22.2772],[150.4715,-22.2765],[150.4715,-22.2746],[150.4762,-22.2732],[150.4707,-22.2724],[150.4687,-22.266],[150.4722,-22.2659],[150.4719,-22.2685],[150.4732,-22.2673],[150.4755,-22.2688],[150.4744,-22.2679],[150.476,-22.267],[150.4709,-22.2637],[150.4742,-22.2606],[150.4771,-22.26],[150.4783,-22.2635],[150.4801,-22.2591],[150.4823,-22.2611],[150.4798,-22.2643],[150.4841,-22.261],[150.4856,-22.2648],[150.4867,-22.262],[150.4897,-22.2654],[150.4894,-22.2684],[150.4912,-22.2665],[150.4935,-22.269],[150.4965,-22.2668],[150.4989,-22.2695],[150.5008,-22.2688],[150.4989,-22.2688],[150.4971,-22.2656],[150.4942,-22.267],[150.4919,-22.2654],[150.494,-22.2646],[150.4889,-22.2606],[150.4882,-22.2572],[150.4859,-22.2568],[150.4866,-22.255],[150.4803,-22.2535],[150.4776,-22.2543],[150.4801,-22.2497],[150.483,-22.252],[150.4842,-22.2495],[150.4922,-22.254],[150.4918,-22.2523],[150.4936,-22.252],[150.4889,-22.2496],[150.4853,-22.2424],[150.489,-22.2398],[150.4897,-22.242],[150.4917,-22.2424],[150.4907,-22.2359],[150.4979,-22.2398],[150.4949,-22.2331],[150.4894,-22.2316],[150.4899,-22.2259],[150.4835,-22.2288],[150.4829,-22.2311],[150.4769,-22.232],[150.4738,-22.2308],[150.4747,-22.227],[150.4777,-22.2254],[150.4736,-22.2256],[150.4692,-22.22],[150.4743,-22.2157],[150.4748,-22.2108],[150.4787,-22.2047],[150.48,-22.205]]]},"properties":{"id":"gbrmpa-zone-703","type":"Commonwealth Islands Zone (Other)","zone":"Commonwealth Island","color":"#9aa7ad","name":"Townshend Island (22805100)","permit":null,"source":"GBRMPA"}},{"type":"Feature","geometry":{"type":"Polygon","coordinates":[[[150.8164,-22.7916],[150.8164,-22.7999],[150.8092,-22.7999],[150.807,-22.7977],[150.8057,-22.7916],[150.8164,-22.7916]],[[150.8108,-22.798],[150.8127,-22.7978],[150.811,-22.7969],[150.8108,-22.798]]]},"properties":{"id":"gbrmpa-zone-13","type":"Habitat Protection Zone","zone":"Dark Blue Zone","color":"#3f6fb0","name":"HP-22-5343","permit":"Five Rocks coastal area","source":"GBRMPA"}},{"type":"Feature","geometry":{"type":"Polygon","coordinates":[[[151.9366,-23.287],[151.9366,-23.316],[151.9021,-23.3161],[151.9023,-23.2871],[151.9366,-23.287]],[[151.9155,-23.3057],[151.9175,-23.3051],[151.9163,-23.3049],[151.9155,-23.3057]]]},"properties":{"id":"gbrmpa-zone-62","type":"Marine National Park Zone","zone":"Green Zone","color":"#2fae5a","name":"MNP-23-1162","permit":"Wilson Island Reef (23-050)","source":"GBRMPA"}},{"type":"Feature","geometry":{"type":"Polygon","coordinates":[[[150.888,-23.0279],[150.9055,-23.0532],[150.8951,-23.0529],[150.8922,-23.0547],[150.892,-23.0536],[150.8765,-23.0536],[150.8684,-23.0517],[150.8684,-23.0279],[150.888,-23.0279]],[[150.8878,-23.0475],[150.8847,-23.0482],[150.8845,-23.0509],[150.8888,-23.0509],[150.8878,-23.0475]],[[150.8791,-23.0474],[150.8804,-23.048],[150.8805,-23.0467],[150.8791,-23.0474]]]},"properties":{"id":"gbrmpa-zone-5","type":"Habitat Protection Zone","zone":"Dark Blue Zone","color":"#3f6fb0","name":"HP-23-5347","permit":"Corroboree Island Reef (23-001) and Conical Rocks (23-002)","source":"GBRMPA"}},{"type":"Feature","geometry":{"type":"Polygon","coordinates":[[[150.804,-22.5551],[150.804,-22.572],[150.7885,-22.572],[150.7901,-22.5558],[150.804,-22.5551]],[[150.798,-22.5659],[150.7998,-22.564],[150.7977,-22.5615],[150.7961,-22.5631],[150.798,-22.5659]]]},"properties":{"id":"gbrmpa-zone-56","type":"Habitat Protection Zone","zone":"Dark Blue Zone","color":"#3f6fb0","name":"HP-22-5336","permit":"Quoin Island Reef (22-149)","source":"GBRMPA"}},{"type":"Feature","geometry":{"type":"Polygon","coordinates":[[[151.905,-23.1858],[151.9023,-23.1858],[151.904,-23.1851],[151.905,-23.1858]]]},"properties":{"id":"gbrmpa-zone-683","type":"Commonwealth Islands Zone (GBRMPA)","zone":"Commonwealth Island Zone","color":"#b0b8bd","name":"North Reef Island (23045100)","permit":null,"source":"GBRMPA"}},{"type":"Feature","geometry":{"type":"Polygon","coordinates":[[[150.7622,-22.4691],[150.7593,-22.4679],[150.7612,-22.4673],[150.7622,-22.4691]]]},"properties":{"id":"gbrmpa-zone-689","type":"Commonwealth Islands Zone (Other)","zone":"Commonwealth Island","color":"#9aa7ad","name":"Ranken Island (22809100)","permit":null,"source":"GBRMPA"}},{"type":"Feature","geometry":{"type":"Polygon","coordinates":[[[150.746,-22.4096],[150.7474,-22.4095],[150.7493,-22.4126],[150.7459,-22.4146],[150.7471,-22.4139],[150.7437,-22.409],[150.746,-22.4096]]]},"properties":{"id":"gbrmpa-zone-669","type":"Commonwealth Islands Zone (Other)","zone":"Commonwealth Island","color":"#9aa7ad","name":"Dome Island (22080100)","permit":null,"source":"GBRMPA"}},{"type":"Feature","geometry":{"type":"Polygon","coordinates":[[[150.3147,-22.3279],[150.3135,-22.3286],[150.3125,-22.327],[150.3141,-22.3265],[150.3147,-22.3279]]]},"properties":{"id":"gbrmpa-zone-657","type":"Commonwealth Islands Zone (Other)","zone":"Commonwealth Island","color":"#9aa7ad","name":"Bay Island (22064100)","permit":null,"source":"GBRMPA"}},{"type":"Feature","geometry":{"type":"Polygon","coordinates":[[[150.7341,-22.4402],[150.7357,-22.435],[150.7363,-22.4374],[150.7341,-22.4402]]]},"properties":{"id":"gbrmpa-zone-709","type":"Commonwealth Islands Zone (Other)","zone":"Commonwealth Island","color":"#9aa7ad","name":"U/N Island (22081101)","permit":null,"source":"GBRMPA"}},{"type":"Feature","geometry":{"type":"Polygon","coordinates":[[[151.0934,-23.1466],[151.0934,-23.16],[151.0867,-23.1733],[151.0733,-23.1733],[151.06,-23.1667],[151.06,-23.1533],[151.0733,-23.1466],[151.0934,-23.1466]],[[151.0793,-23.1551],[151.0787,-23.154],[151.0722,-23.1584],[151.0708,-23.1578],[151.0693,-23.1611],[151.0786,-23.1639],[151.0815,-23.1597],[151.0793,-23.1551]],[[151.0857,-23.1537],[151.0841,-23.1555],[151.0858,-23.1553],[151.0857,-23.1537]]]},"properties":{"id":"gbrmpa-zone-76","type":"Habitat Protection Zone","zone":"Dark Blue Zone","color":"#3f6fb0","name":"HP-23-5351","permit":"The Child Reef (23-030) and Barren (First Lump) Island Reef (23-031)","source":"GBRMPA"}},{"type":"Feature","geometry":{"type":"Polygon","coordinates":[[[150.3269,-22.3566],[150.3261,-22.3551],[150.3291,-22.3547],[150.3269,-22.3566]]]},"properties":{"id":"gbrmpa-zone-663","type":"Commonwealth Islands Zone (Other)","zone":"Commonwealth Island","color":"#9aa7ad","name":"Connor Rock (22066100)","permit":null,"source":"GBRMPA"}},{"type":"Feature","geometry":{"type":"Polygon","coordinates":[[[150.7411,-22.4013],[150.7505,-22.4107],[150.7489,-22.4155],[150.7438,-22.4154],[150.7378,-22.404],[150.7411,-22.4013]],[[150.747,-22.414],[150.7455,-22.4141],[150.7482,-22.4141],[150.749,-22.411],[150.7441,-22.4084],[150.747,-22.414]],[[150.7419,-22.4057],[150.7435,-22.4055],[150.7427,-22.4044],[150.7401,-22.4039],[150.7419,-22.4057]]]},"properties":{"id":"gbrmpa-zone-59","type":"Habitat Protection Zone","zone":"Dark Blue Zone","color":"#3f6fb0","name":"HP-22-5383","permit":"Dome Island Reef (22-080) and Split Island Reef (22-079)","source":"GBRMPA"}},{"type":"Feature","geometry":{"type":"Polygon","coordinates":[[[151.9268,-23.43],[151.9184,-23.4425],[151.9119,-23.442],[151.9134,-23.4436],[151.91,-23.45],[151.96,-23.495],[152.0062,-23.5178],[152.0062,-23.5245],[152.1089,-23.5245],[152.1089,-23.4756],[152.1757,-23.4756],[152.225,-23.525],[152.225,-23.5648],[151.885,-23.5648],[151.885,-23.43],[151.9268,-23.43]]]},"properties":{"id":"gbrmpa-zone-33","type":"Marine National Park Zone","zone":"Green Zone","color":"#2fae5a","name":"MNP-23-1164","permit":"Wistari Reef (23-053) - Heron Island Reef (23-052) and inter-reefal areas adjacent to One Tree Island","source":"GBRMPA"}},{"type":"Feature","geometry":{"type":"Polygon","coordinates":[[[151.7248,-23.1124],[151.6206,-23.1124],[151.6206,-23.0833],[151.7248,-23.0833],[151.7248,-23.1124]]]},"properties":{"id":"gbrmpa-zone-39","type":"Habitat Protection Zone","zone":"Dark Blue Zone","color":"#3f6fb0","name":"HP-23-5350","permit":"Douglas Shoal (23-044)","source":"GBRMPA"}},{"type":"Feature","geometry":{"type":"Polygon","coordinates":[[[150.966,-22.6501],[150.966,-22.658],[150.9598,-22.6641],[150.952,-22.6641],[150.952,-22.656],[150.9578,-22.6501],[150.966,-22.6501]],[[150.9572,-22.6577],[150.9605,-22.6573],[150.962,-22.6543],[150.9594,-22.6547],[150.9572,-22.6577]]]},"properties":{"id":"gbrmpa-zone-16","type":"Habitat Protection Zone","zone":"Dark Blue Zone","color":"#3f6fb0","name":"HP-22-5340","permit":"Perforated (Peak) Island Reef (22-152)","source":"GBRMPA"}},{"type":"Feature","geometry":{"type":"Polygon","coordinates":[[[151.7181,-24.015],[151.7177,-24.0199],[151.7156,-24.0194],[151.7001,-24.0133],[151.6902,-24.0076],[151.6884,-24.006],[151.6884,-23.993],[151.696,-24.005],[151.7181,-24.015]]]},"properties":{"id":"gbrmpa-zone-88","type":"Conservation Park Zone","zone":"Yellow Zone","color":"#e8c23f","name":"CP-23-4111","permit":"Richards Point (south)","source":"GBRMPA"}},{"type":"Feature","geometry":{"type":"Polygon","coordinates":[[[150.7168,-22.34],[150.7162,-22.3386],[150.7169,-22.3392],[150.7168,-22.34]]]},"properties":{"id":"gbrmpa-zone-749","type":"Commonwealth Islands Zone (Other)","zone":"Commonwealth Island","color":"#9aa7ad","name":"Clara Group (No 4) (22075104)","permit":null,"source":"GBRMPA"}},{"type":"Feature","geometry":{"type":"Polygon","coordinates":[[[150.7226,-22.3325],[150.7238,-22.3365],[150.7228,-22.3399],[150.7168,-22.3428],[150.708,-22.3428],[150.708,-22.3359],[150.7156,-22.3325],[150.7226,-22.3325]],[[150.7191,-22.3398],[150.7186,-22.3379],[150.7173,-22.3401],[150.7191,-22.3398]],[[150.7157,-22.3392],[150.715,-22.3379],[150.7141,-22.3384],[150.7157,-22.3392]],[[150.7203,-22.3367],[150.7212,-22.3367],[150.7198,-22.3352],[150.7203,-22.3367]],[[150.7168,-22.34],[150.7169,-22.3392],[150.7162,-22.3386],[150.7168,-22.34]],[[150.7184,-22.3417],[150.7176,-22.3411],[150.7178,-22.3417],[150.7184,-22.3417]]]},"properties":{"id":"gbrmpa-zone-743","type":"Habitat Protection Zone","zone":"Dark Blue Zone","color":"#3f6fb0","name":"HP-22-5382","permit":"Clara Group","source":"GBRMPA"}},{"type":"Feature","geometry":{"type":"Polygon","coordinates":[[[150.8912,-23.0539],[150.89,-23.0548],[150.891,-23.0591],[150.8897,-23.0605],[150.8892,-23.0668],[150.8854,-23.0696],[150.8765,-23.0696],[150.8765,-23.0536],[150.8912,-23.0539]]]},"properties":{"id":"gbrmpa-zone-2","type":"Conservation Park Zone","zone":"Yellow Zone","color":"#e8c23f","name":"CP-23-4101","permit":"North Keppel Island - Considine Bay","source":"GBRMPA"}},{"type":"Feature","geometry":{"type":"Polygon","coordinates":[[[151.1552,-23.1866],[151.2241,-23.2632],[151.2241,-23.387],[151.0465,-23.387],[151.0465,-23.3604],[150.9664,-23.3604],[150.9501,-23.3751],[150.9,-23.3751],[150.9,-23.3124],[150.9352,-23.3124],[150.9352,-23.275],[151.0466,-23.275],[151.0466,-23.307],[151.1134,-23.307],[151.1134,-23.275],[151.0702,-23.275],[151.0702,-23.2544],[151.0466,-23.2544],[151.0466,-23.1866],[151.1552,-23.1866]],[[150.924,-23.336],[150.924,-23.3584],[150.9513,-23.3584],[150.9513,-23.336],[150.924,-23.336]]]},"properties":{"id":"gbrmpa-zone-71","type":"Marine National Park Zone","zone":"Green Zone","color":"#2fae5a","name":"MNP-23-1160","permit":"Egg Rock, Split Rock, Arch Rock and Jabiru Shoal","source":"GBRMPA"}},{"type":"Feature","geometry":{"type":"Polygon","coordinates":[[[151.9815,-23.17],[151.9815,-23.2252],[151.84,-23.225],[151.84,-23.2666],[151.7087,-23.2666],[151.8591,-23.1382],[151.9667,-23.1382],[151.9815,-23.17]],[[151.7758,-23.2493],[151.7818,-23.2466],[151.7775,-23.2468],[151.7758,-23.2493]],[[151.9032,-23.186],[151.9051,-23.1855],[151.903,-23.1854],[151.9032,-23.186]]]},"properties":{"id":"gbrmpa-zone-77","type":"Marine National Park Zone","zone":"Green Zone","color":"#2fae5a","name":"MNP-23-1157","permit":"North Reef (23-045a and b), Tryon Island Reef (23-046) and Brew Shoal (23-047)","source":"GBRMPA"}},{"type":"Feature","geometry":{"type":"Polygon","coordinates":[[[150.7856,-22.6333],[150.7829,-22.6288],[150.7833,-22.6249],[150.7914,-22.6249],[150.7914,-22.6333],[150.7856,-22.6333]]]},"properties":{"id":"gbrmpa-zone-17","type":"Habitat Protection Zone","zone":"Dark Blue Zone","color":"#3f6fb0","name":"HP-22-5339","permit":"Single Reef (22-151)","source":"GBRMPA"}},{"type":"Feature","geometry":{"type":"Polygon","coordinates":[[[150.6827,-22.3585],[150.6817,-22.3586],[150.6817,-22.3575],[150.6827,-22.3585]]]},"properties":{"id":"gbrmpa-zone-658","type":"Commonwealth Islands Zone (Other)","zone":"Commonwealth Island","color":"#9aa7ad","name":"Brown Rock (22076100)","permit":null,"source":"GBRMPA"}},{"type":"Feature","geometry":{"type":"Polygon","coordinates":[[[151.1081,-23.4586],[151.0998,-23.4569],[151.0998,-23.4458],[151.1081,-23.4458],[151.1081,-23.4586]]]},"properties":{"id":"gbrmpa-zone-31","type":"Habitat Protection Zone","zone":"Dark Blue Zone","color":"#3f6fb0","name":"HP-23-5363","permit":"Boat Rock (23-040)","source":"GBRMPA"}},{"type":"Feature","geometry":{"type":"Polygon","coordinates":[[[151.9859,-23.3133],[151.999,-23.334],[151.946,-23.363],[151.927,-23.336],[151.98,-23.304],[151.9859,-23.3133]],[[151.9557,-23.3342],[151.9579,-23.334],[151.9605,-23.3326],[151.9557,-23.3342]]]},"properties":{"id":"gbrmpa-zone-60","type":"Preservation Zone","zone":"Pink Zone","color":"#e58fb0","name":"P-23-35","permit":"Wreck Island Reef (23-051)","source":"GBRMPA"}},{"type":"Feature","geometry":{"type":"Polygon","coordinates":[[[151.953,-23.43],[151.953,-23.4883],[151.91,-23.45],[151.9134,-23.4436],[151.9192,-23.4435],[151.9184,-23.4425],[151.9268,-23.43],[151.953,-23.43]]]},"properties":{"id":"gbrmpa-zone-34","type":"Scientific Research Zone","zone":"Orange Zone","color":"#e0822e","name":"SR-23-2009","permit":"Heron Island Reef east (23-052)","source":"GBRMPA"}},{"type":"Feature","geometry":{"type":"Polygon","coordinates":[[[150.8978,-23.08],[150.9015,-23.0791],[150.9051,-23.0808],[150.905,-23.0849],[150.9082,-23.0881],[150.9139,-23.0875],[150.9139,-23.1187],[150.9779,-23.1187],[150.9779,-23.1089],[150.9998,-23.1089],[150.9998,-23.2083],[150.977,-23.222],[150.9581,-23.222],[150.9581,-23.1999],[150.95,-23.1906],[150.9543,-23.1895],[150.9588,-23.1922],[150.9629,-23.1914],[150.9636,-23.1885],[150.9706,-23.1857],[150.9698,-23.1979],[150.9722,-23.2024],[150.9889,-23.2023],[150.9892,-23.1927],[150.9864,-23.1903],[150.9881,-23.1868],[150.9854,-23.184],[150.9885,-23.1808],[150.9936,-23.181],[150.993,-23.1769],[150.9814,-23.1762],[150.9807,-23.1744],[150.9779,-23.1748],[150.9753,-23.1724],[150.9718,-23.1636],[150.9744,-23.1581],[150.9781,-23.1584],[150.9751,-23.1532],[150.9747,-23.1491],[150.9734,-23.1518],[150.9673,-23.1533],[150.9653,-23.1565],[150.956,-23.1562],[150.9596,-23.1585],[150.9562,-23.1644],[150.9525,-23.1662],[150.9553,-23.1672],[150.9551,-23.1689],[150.9541,-23.1693],[150.9543,-23.1673],[150.9518,-23.1707],[150.9467,-23.1718],[150.9346,-23.1687],[150.9366,-23.1724],[150.9358,-23.1757],[150.9309,-23.1785],[150.9275,-23.1785],[150.9275,-23.1615],[150.9155,-23.1555],[150.9017,-23.166],[150.886,-23.104],[150.8765,-23.104],[150.8765,-23.0833],[150.8928,-23.0842],[150.8923,-23.0814],[150.8957,-23.0791],[150.8978,-23.08]],[[150.963,-23.205],[150.963,-23.22],[150.978,-23.22],[150.978,-23.205],[150.963,-23.205]],[[150.904,-23.1503],[150.9002,-23.1509],[150.9063,-23.1551],[150.9076,-23.1519],[150.904,-23.1503]],[[150.8999,-23.0981],[150.8965,-23.0984],[150.8988,-23.1008],[150.9007,-23.0997],[150.8999,-23.0981]],[[150.9057,-23.0897],[150.9024,-23.0916],[150.9058,-23.0914],[150.9057,-23.0897]],[[150.9013,-23.0905],[150.8992,-23.0916],[150.9019,-23.094],[150.9029,-23.0932],[150.9013,-23.0905]],[[150.9003,-23.0953],[150.901,-23.0945],[150.9001,-23.0944],[150.9003,-23.0953]]]},"properties":{"id":"gbrmpa-zone-40","type":"Habitat Protection Zone","zone":"Dark Blue Zone","color":"#3f6fb0","name":"HP-23-5349","permit":"Keppel Island Group: North Keppel Island Reef (23-004b), Pumpkin Island Reef (23-005), Square Rocks (23-006), Sloping Island Reef (23-007), Man and Wife Rocks (23-008), Miall Island Reef (23-009), Great Keppel Island Reefs (23-012) and unnamed reef 23-802","source":"GBRMPA"}},{"type":"Feature","geometry":{"type":"Polygon","coordinates":[[[151.791,-22.8981],[151.7571,-22.8981],[151.7571,-22.8349],[151.791,-22.8349],[151.791,-22.8981]]]},"properties":{"id":"gbrmpa-zone-11","type":"Habitat Protection Zone","zone":"Dark Blue Zone","color":"#3f6fb0","name":"HP-22-5344","permit":"Edgell Bank (22-159) and Moresby Bank (22-158)","source":"GBRMPA"}},{"type":"Feature","geometry":{"type":"Polygon","coordinates":[[[150.2403,-22.3101],[150.2394,-22.3089],[150.2406,-22.3092],[150.2403,-22.3101]]]},"properties":{"id":"gbrmpa-zone-701","type":"Commonwealth Islands Zone (Other)","zone":"Commonwealth Island","color":"#9aa7ad","name":"Sun Island (22061100)","permit":null,"source":"GBRMPA"}},{"type":"Feature","geometry":{"type":"Polygon","coordinates":[[[151.6884,-23.978],[151.6884,-24.006],[151.6733,-23.9889],[151.6669,-23.9865],[151.6623,-23.9871],[151.6556,-23.9824],[151.6516,-23.9827],[151.6516,-23.9695],[151.6884,-23.978]]]},"properties":{"id":"gbrmpa-zone-91","type":"Marine National Park Zone","zone":"Green Zone","color":"#2fae5a","name":"MNP-23-1170","permit":"Richards Point","source":"GBRMPA"}},{"type":"Feature","geometry":{"type":"Polygon","coordinates":[[[151.1025,-21.4],[151.02,-21.33],[151.021,-21.2579],[151.0517,-21.2584],[151.1662,-21.3846],[151.24,-21.36],[151.2395,-21.2797],[151.49,-21.28],[151.55,-21.36],[151.5499,-21.5007],[151.5622,-21.5007],[151.67,-21.55],[151.67,-21.66],[151.5177,-21.6599],[151.477,-21.6232],[151.44,-21.6232],[151.44,-21.8434],[150.9995,-21.8434],[150.9995,-22.4151],[152,-22.4151],[152,-22.23],[152.116,-22.23],[152.422,-22.41],[152.58,-22.41],[152.58,-22.3636],[152.6901,-22.3422],[152.7402,-22.3537],[152.7,-22.41],[152.7,-22.65],[152.3,-22.73],[152.125,-22.9057],[152,-22.9057],[152,-22.625],[151.9604,-22.5998],[151.71,-22.5998],[151.71,-22.6501],[151.5806,-22.6501],[151.5806,-22.6096],[151.5046,-22.6096],[151.5046,-22.6502],[151.1402,-22.6502],[151.1402,-22.5824],[150.9185,-22.5824],[150.9185,-22.5382],[150.7864,-22.5382],[150.7887,-22.5367],[150.7863,-22.5335],[150.7846,-22.5345],[150.7824,-22.5307],[150.7835,-22.5295],[150.7816,-22.5299],[150.7815,-22.5282],[150.7802,-22.5291],[150.7776,-22.5261],[150.7744,-22.5297],[150.7727,-22.5295],[150.7692,-22.5219],[150.7669,-22.5262],[150.7646,-22.5271],[150.758,-22.5252],[150.7558,-22.5233],[150.7474,-22.4773],[150.7518,-22.4737],[150.7548,-22.4748],[150.7535,-22.4709],[150.7563,-22.4708],[150.7577,-22.4683],[150.7556,-22.4636],[150.751,-22.4599],[150.756,-22.459],[150.7517,-22.4577],[150.751,-22.4547],[150.7484,-22.4544],[150.7467,-22.4524],[150.75,-22.4514],[150.7498,-22.4478],[150.7543,-22.4493],[150.781,-22.4493],[150.7258,-22.3244],[150.7258,-22.3044],[150.5552,-22.3044],[150.5565,-22.3001],[150.5595,-22.296],[150.5613,-22.2957],[150.5532,-22.2901],[150.5546,-22.2876],[150.5531,-22.2859],[150.5541,-22.2847],[150.551,-22.2811],[150.5527,-22.2794],[150.5432,-22.2789],[150.5342,-22.276],[150.5327,-22.2729],[150.5351,-22.2681],[150.5341,-22.2639],[150.5295,-22.264],[150.5296,-22.2603],[150.5271,-22.2606],[150.5245,-22.2572],[150.5263,-22.2562],[150.5258,-22.252],[150.5301,-22.2529],[150.5277,-22.2489],[150.5306,-22.2475],[150.5289,-22.2435],[150.5241,-22.2428],[150.5209,-22.239],[150.5198,-22.2328],[150.5218,-22.2277],[150.512,-22.2193],[150.5058,-22.2169],[150.507,-22.2156],[150.5059,-22.2139],[150.5024,-22.214],[150.5027,-22.2125],[150.4995,-22.2111],[150.4939,-22.2112],[150.4893,-22.2079],[150.4902,-22.2063],[150.4888,-22.2054],[150.48,-22.2055],[150.48,-22.1123],[150.7113,-22.1123],[150.7113,-21.93],[150.4227,-21.5459],[149.9753,-21.5459],[149.9753,-21.2518],[150.4687,-21.2518],[150.6623,-21.4702],[150.8802,-21.4702],[151.0999,-21.6007],[151.3394,-21.6007],[151.3394,-21.5156],[151.1491,-21.5156],[151.1491,-21.4866],[151.1768,-21.4577],[151.1025,-21.4]],[[151.2304,-21.7934],[151.2304,-21.8293],[151.2906,-21.8293],[151.2906,-21.7934],[151.2304,-21.7934]],[[150.2477,-21.52],[150.2539,-21.524],[150.2574,-21.5294],[150.2593,-21.5239],[150.2619,-21.5246],[150.2664,-21.5191],[150.2728,-21.52],[150.2766,-21.518],[150.2707,-21.5131],[150.2595,-21.5225],[150.2475,-21.517],[150.2453,-21.5176],[150.2477,-21.52]],[[150.2738,-21.4877],[150.2761,-21.4833],[150.2797,-21.4865],[150.2809,-21.4852],[150.2805,-21.4812],[150.2761,-21.4786],[150.2698,-21.4813],[150.2683,-21.4801],[150.2679,-21.4761],[150.266,-21.476],[150.2629,-21.4832],[150.2682,-21.4829],[150.2683,-21.4869],[150.2731,-21.4898],[150.2738,-21.4877]],[[150.1534,-21.5299],[150.1543,-21.5277],[150.1557,-21.5285],[150.1557,-21.5263],[150.1531,-21.5235],[150.1504,-21.524],[150.1482,-21.5199],[150.1474,-21.5223],[150.1491,-21.526],[150.1534,-21.5299]],[[150.2571,-21.4873],[150.2588,-21.487],[150.2581,-21.4838],[150.2543,-21.4864],[150.2571,-21.4873]],[[150.7729,-22.4765],[150.7718,-22.4775],[150.7756,-22.4822],[150.7729,-22.4765]],[[151.4197,-21.4281],[151.4212,-21.4282],[151.4219,-21.4263],[151.4188,-21.4259],[151.4197,-21.4281]],[[151.4266,-21.3804],[151.4232,-21.3825],[151.4256,-21.3829],[151.4266,-21.3804]],[[150.7562,-22.4784],[150.7585,-22.4784],[150.7561,-22.4757],[150.7562,-22.4784]],[[150.7594,-22.4682],[150.7627,-22.4687],[150.7602,-22.4672],[150.7594,-22.4682]],[[150.5392,-22.2667],[150.5431,-22.266],[150.5395,-22.2646],[150.5392,-22.2667]],[[152.7168,-22.3579],[152.7155,-22.3591],[152.7171,-22.3604],[152.7181,-22.359],[152.7168,-22.3579]],[[150.7698,-22.5187],[150.7717,-22.5179],[150.7701,-22.5174],[150.7698,-22.5187]],[[150.7514,-22.4543],[150.7524,-22.4546],[150.7529,-22.4537],[150.7514,-22.4543]],[[150.7533,-22.4822],[150.7523,-22.481],[150.7525,-22.4821],[150.7533,-22.4822]]]},"properties":{"id":"gbrmpa-zone-744","type":"Marine National Park Zone","zone":"Green Zone","color":"#2fae5a","name":"MNP-21-1141","permit":"Offshore Cape Clinton: including eastern Townshend Island, Heralds Reef Prong (21-432), Heralds Prong No. 3 (21-434), Archer Shoal (21-161) and lagoonal areas","source":"GBRMPA"}},{"type":"Feature","geometry":{"type":"Polygon","coordinates":[[[150.7715,-22.5183],[150.7698,-22.5187],[150.7701,-22.5174],[150.7715,-22.5183]]]},"properties":{"id":"gbrmpa-zone-695","type":"Commonwealth Islands Zone (Other)","zone":"Commonwealth Island","color":"#9aa7ad","name":"Round Island (22163101)","permit":null,"source":"GBRMPA"}},{"type":"Feature","geometry":{"type":"Polygon","coordinates":[[[149.9289,-21.4713],[149.9289,-21.4875],[149.9373,-21.4875],[149.9373,-21.4958],[149.94,-21.5],[149.9753,-21.5],[149.9753,-21.5459],[150.4227,-21.5459],[150.7113,-21.93],[150.7113,-22.1123],[150.48,-22.1123],[150.48,-22.205],[150.4787,-22.2047],[150.4748,-22.2108],[150.4743,-22.2157],[150.4637,-22.2247],[150.459,-22.2232],[150.4546,-22.2266],[150.439,-22.2308],[150.4383,-22.2401],[150.4298,-22.2471],[150.4294,-22.2509],[150.4382,-22.2569],[150.439,-22.2542],[150.4416,-22.253],[150.4413,-22.247],[150.4421,-22.2534],[150.4395,-22.255],[150.4392,-22.258],[150.4369,-22.2603],[150.4356,-22.2594],[150.4363,-22.2627],[150.4321,-22.2629],[150.4345,-22.265],[150.4334,-22.2671],[150.4282,-22.2682],[150.4263,-22.2717],[150.4144,-22.2792],[150.4167,-22.2866],[150.4225,-22.2896],[150.4226,-22.2917],[150.4195,-22.2958],[150.4207,-22.299],[150.1599,-22.2943],[150.1572,-22.2894],[150.1579,-22.2863],[150.1551,-22.2812],[150.1555,-22.2783],[150.1515,-22.2744],[150.1498,-22.2688],[150.1503,-22.2623],[150.1527,-22.2621],[150.1518,-22.2593],[150.1425,-22.252],[150.141,-22.2551],[150.139,-22.2546],[150.1351,-22.2521],[150.1341,-22.2495],[150.1262,-22.2474],[150.1213,-22.2373],[150.1166,-22.2385],[150.1106,-22.2336],[150.1099,-22.2274],[150.1081,-22.2247],[150.1026,-22.2225],[150.1007,-22.218],[150.0983,-22.2165],[150.1003,-22.213],[150.0993,-22.2093],[150.09,-22.1912],[150.087,-22.1764],[150.0853,-22.1742],[150.088,-22.1683],[150.0851,-22.1689],[150.0808,-22.1633],[150.081,-22.1604],[150.0836,-22.1579],[150.0791,-22.1558],[150.0811,-22.1516],[150.0762,-22.1512],[150.0747,-22.1564],[150.0632,-22.1517],[150.0633,-22.1458],[150.0653,-22.1462],[150.0661,-22.1445],[150.0619,-22.142],[150.0623,-22.1383],[150.0601,-22.1364],[150.06,-22.1329],[150.0583,-22.1329],[150.0575,-22.1362],[150.0531,-22.1352],[150.0477,-22.1304],[150.0449,-22.1302],[150.0436,-22.1259],[150.0427,-22.128],[150.0351,-22.13],[150.0349,-22.1343],[150.0309,-22.1367],[150.0292,-22.1413],[150.0305,-22.1445],[150.0289,-22.1464],[150.0253,-22.1475],[150.0028,-22.1431],[149.9943,-22.148],[149.9883,-22.1633],[149.9816,-22.1676],[149.9649,-22.1738],[149.9625,-22.1788],[149.9562,-22.1855],[149.9539,-22.1926],[149.943,-22.2123],[149.9423,-22.224],[149.9402,-22.2282],[149.9382,-22.243],[149.935,-22.2498],[149.9331,-22.2506],[149.932,-22.2605],[149.9287,-22.2648],[149.9236,-22.2675],[149.9185,-22.2746],[149.9186,-22.2836],[149.9169,-22.2862],[149.9163,-22.2939],[149.9191,-22.3019],[149.915,-22.3032],[149.9133,-22.3057],[149.9158,-22.3089],[149.9158,-22.3147],[149.9142,-22.316],[149.9154,-22.3223],[149.9168,-22.3233],[149.9134,-22.3443],[149.8573,-22.2431],[149.8573,-22.1571],[149.8646,-22.1571],[149.862,-22.1697],[149.867,-22.1787],[149.8651,-22.1886],[149.8694,-22.1909],[149.8721,-22.1985],[149.8772,-22.2023],[149.881,-22.1995],[149.8859,-22.1849],[149.8939,-22.1786],[149.8965,-22.1746],[149.9037,-22.172],[149.9054,-22.1752],[149.9107,-22.1746],[149.9104,-22.1814],[149.9129,-22.1867],[149.9219,-22.1817],[149.9245,-22.1733],[149.9209,-22.155],[149.9256,-22.142],[149.9299,-22.1386],[149.9305,-22.1337],[149.9256,-22.1288],[149.922,-22.1286],[149.9213,-22.125],[149.9183,-22.1215],[149.917,-22.1147],[149.9191,-22.1128],[149.9159,-22.1069],[149.916,-22.1056],[149.9175,-22.1062],[149.9155,-22.1034],[149.9147,-22.1044],[149.9136,-22.1001],[149.9102,-22.0965],[149.91,-22.092],[149.9041,-22.0757],[149.9081,-22.0721],[149.9053,-22.0679],[149.9066,-22.0641],[149.9103,-22.0618],[149.9099,-22.0592],[149.9142,-22.0595],[149.9146,-22.058],[149.9113,-22.0585],[149.9079,-22.0526],[149.9052,-22.0534],[149.9032,-22.0516],[149.8978,-22.0536],[149.8817,-22.0682],[149.8843,-22.0781],[149.8793,-22.092],[149.8832,-22.0954],[149.8859,-22.0943],[149.8829,-22.0966],[149.884,-22.1004],[149.8773,-22.0988],[149.8733,-22.1029],[149.8745,-22.1115],[149.871,-22.1148],[149.8701,-22.1202],[149.8735,-22.1252],[149.8772,-22.1247],[149.8794,-22.1209],[149.8793,-22.1241],[149.8849,-22.1252],[149.8799,-22.1255],[149.8805,-22.1289],[149.8787,-22.1253],[149.8755,-22.1264],[149.8723,-22.1336],[149.8737,-22.1356],[149.8712,-22.1345],[149.8692,-22.1405],[149.8639,-22.1405],[149.8639,-22.0458],[149.9256,-22.0458],[149.9256,-21.9023],[150.0441,-21.9023],[150.0975,-21.9569],[150.1223,-21.9327],[150.1359,-21.9327],[150.1349,-21.9098],[150.1253,-21.9098],[150.1253,-21.728],[149.98,-21.728],[149.98,-21.64],[149.9,-21.64],[149.7033,-21.8564],[149.68,-21.7403],[149.67,-21.7403],[149.66,-21.7303],[149.66,-21.6803],[149.65,-21.6703],[149.65,-21.6453],[149.7448,-21.5532],[149.8551,-21.553],[149.8551,-21.5003],[149.88,-21.5003],[149.8873,-21.4958],[149.8873,-21.4791],[149.9039,-21.4791],[149.9039,-21.4708],[149.9289,-21.4713]],[[149.9243,-21.4762],[149.925,-21.4767],[149.9249,-21.4752],[149.9243,-21.4762]],[[149.9084,-21.4767],[149.9116,-21.4851],[149.9137,-21.4857],[149.914,-21.4831],[149.9084,-21.4767]],[[149.8929,-21.4846],[149.8906,-21.4925],[149.8923,-21.4953],[149.889,-21.4998],[149.8902,-21.501],[149.8937,-21.4991],[149.8944,-21.497],[149.8988,-21.4995],[149.8929,-21.4846]],[[149.9203,-21.4869],[149.9196,-21.4882],[149.9182,-21.4874],[149.918,-21.4891],[149.922,-21.4931],[149.9208,-21.4903],[149.9226,-21.4882],[149.9203,-21.4869]],[[149.911,-21.4929],[149.9105,-21.4913],[149.9072,-21.4955],[149.9096,-21.4982],[149.9087,-21.5014],[149.9116,-21.5044],[149.9151,-21.5034],[149.9161,-21.507],[149.919,-21.5078],[149.9163,-21.5022],[149.9179,-21.4945],[149.9131,-21.4946],[149.911,-21.4929]],[[149.9293,-21.496],[149.9305,-21.4958],[149.9294,-21.4942],[149.9293,-21.496]],[[149.8125,-21.5769],[149.8136,-21.5755],[149.8126,-21.5721],[149.8125,-21.5769]],[[149.8012,-21.5988],[149.7936,-21.6024],[149.7856,-21.6012],[149.7834,-21.6075],[149.7849,-21.6094],[149.7816,-21.6136],[149.7845,-21.614],[149.7882,-21.6097],[149.7904,-21.6098],[149.7903,-21.615],[149.7927,-21.6173],[149.7979,-21.6149],[149.8036,-21.6087],[149.8067,-21.6084],[149.8091,-21.6116],[149.8193,-21.6072],[149.8197,-21.6058],[149.8153,-21.6053],[149.8093,-21.6008],[149.8097,-21.5978],[149.813,-21.5942],[149.8109,-21.5917],[149.8037,-21.5925],[149.8012,-21.5988]],[[149.8634,-21.6008],[149.8639,-21.6059],[149.8677,-21.6082],[149.8703,-21.6078],[149.871,-21.6033],[149.8669,-21.6035],[149.8634,-21.6008]],[[149.8275,-21.6034],[149.8258,-21.6038],[149.8275,-21.6073],[149.8288,-21.6067],[149.8275,-21.6034]],[[149.8268,-21.6011],[149.8258,-21.6012],[149.826,-21.6029],[149.8268,-21.6011]],[[149.7739,-21.6013],[149.7702,-21.6005],[149.7722,-21.6021],[149.7739,-21.6013]],[[150.2475,-21.6184],[150.2478,-21.6308],[150.2454,-21.636],[150.2475,-21.64],[150.2476,-21.6482],[150.2464,-21.6491],[150.2484,-21.652],[150.2504,-21.6509],[150.2495,-21.6529],[150.2477,-21.6523],[150.2466,-21.6544],[150.2435,-21.6543],[150.2427,-21.6558],[150.2425,-21.6642],[150.2448,-21.6704],[150.243,-21.6733],[150.2433,-21.676],[150.2457,-21.6749],[150.2478,-21.6768],[150.2466,-21.6712],[150.2542,-21.6682],[150.2615,-21.6724],[150.2706,-21.6741],[150.2708,-21.6774],[150.2747,-21.6811],[150.2776,-21.6776],[150.2801,-21.6773],[150.2824,-21.679],[150.2866,-21.6771],[150.2838,-21.6752],[150.2839,-21.6734],[150.2871,-21.6723],[150.2868,-21.6704],[150.2891,-21.6689],[150.2949,-21.6681],[150.2982,-21.6702],[150.3003,-21.6695],[150.3025,-21.665],[150.2946,-21.6539],[150.2914,-21.6535],[150.2898,-21.6476],[150.2917,-21.6457],[150.2907,-21.6438],[150.2884,-21.6428],[150.2851,-21.6445],[150.2783,-21.6417],[150.2718,-21.6446],[150.2637,-21.6412],[150.2532,-21.6303],[150.2475,-21.6184]],[[150.3411,-21.6498],[150.3362,-21.6503],[150.3377,-21.6549],[150.3426,-21.653],[150.3426,-21.6483],[150.3411,-21.6498]],[[150.338,-21.6558],[150.3299,-21.6591],[150.3251,-21.6586],[150.3271,-21.6613],[150.3268,-21.6655],[150.3292,-21.665],[150.3286,-21.6672],[150.3361,-21.6679],[150.3372,-21.6733],[150.3412,-21.6747],[150.3404,-21.6728],[150.3425,-21.6719],[150.34,-21.6714],[150.3397,-21.6686],[150.3428,-21.668],[150.3484,-21.6702],[150.3492,-21.6679],[150.3511,-21.6679],[150.3476,-21.6626],[150.3399,-21.6608],[150.34,-21.6564],[150.338,-21.6558]],[[150.2184,-21.6576],[150.2205,-21.6558],[150.223,-21.6572],[150.2252,-21.6537],[150.2208,-21.652],[150.2208,-21.6536],[150.2167,-21.6565],[150.2184,-21.6576]],[[150.2259,-21.6524],[150.2278,-21.6504],[150.227,-21.6492],[150.2259,-21.6524]],[[150.2295,-21.6522],[150.2301,-21.6526],[150.2304,-21.6516],[150.2295,-21.6522]],[[149.8114,-21.6278],[149.8093,-21.6274],[149.8092,-21.6286],[149.8104,-21.6293],[149.8114,-21.6278]],[[149.8003,-21.6241],[149.7995,-21.6243],[149.7998,-21.6253],[149.8003,-21.6241]],[[149.801,-21.6193],[149.7999,-21.6194],[149.8001,-21.6204],[149.801,-21.6193]],[[149.8342,-21.6621],[149.8381,-21.6609],[149.8396,-21.6636],[149.8424,-21.6628],[149.8434,-21.6608],[149.8415,-21.6604],[149.8385,-21.655],[149.8357,-21.6471],[149.8312,-21.6496],[149.8338,-21.6558],[149.8342,-21.6621]],[[149.7784,-21.6778],[149.78,-21.6772],[149.783,-21.6794],[149.7842,-21.6778],[149.7828,-21.6749],[149.7774,-21.6711],[149.7767,-21.6741],[149.7784,-21.6778]],[[149.6703,-21.7172],[149.6704,-21.7184],[149.6722,-21.7182],[149.6727,-21.7163],[149.6703,-21.7172]],[[149.6659,-21.7186],[149.6638,-21.7193],[149.6656,-21.7216],[149.6653,-21.7245],[149.6681,-21.7269],[149.6696,-21.726],[149.6716,-21.7289],[149.6751,-21.7291],[149.6738,-21.725],[149.6702,-21.7225],[149.6675,-21.7229],[149.6659,-21.7186]],[[150.3608,-21.7214],[150.3579,-21.7235],[150.3573,-21.7292],[150.3477,-21.7334],[150.3394,-21.7417],[150.3307,-21.7437],[150.3137,-21.7393],[150.3096,-21.7423],[150.3021,-21.7418],[150.2994,-21.7456],[150.3067,-21.7487],[150.3114,-21.7581],[150.3224,-21.7657],[150.3227,-21.7644],[150.3255,-21.7648],[150.3266,-21.7665],[150.3249,-21.7685],[150.3281,-21.7705],[150.3329,-21.7721],[150.3407,-21.7699],[150.3407,-21.7683],[150.349,-21.7639],[150.347,-21.7613],[150.3441,-21.7611],[150.3452,-21.7568],[150.3495,-21.7527],[150.3461,-21.743],[150.3482,-21.7426],[150.3498,-21.7396],[150.3543,-21.7387],[150.3535,-21.7368],[150.3634,-21.7279],[150.3625,-21.7254],[150.3603,-21.7251],[150.3642,-21.7225],[150.3642,-21.7197],[150.3616,-21.718],[150.3626,-21.7198],[150.3608,-21.7214]],[[150.428,-21.7555],[150.4285,-21.7565],[150.4297,-21.7556],[150.428,-21.7555]],[[150.427,-21.7559],[150.4249,-21.7566],[150.4268,-21.7572],[150.427,-21.7559]],[[150.429,-21.761],[150.4307,-21.7625],[150.4293,-21.76],[150.429,-21.761]],[[150.4382,-21.7619],[150.4364,-21.7624],[150.4369,-21.7642],[150.4413,-21.7645],[150.4409,-21.7626],[150.4382,-21.7619]],[[150.432,-21.7718],[150.4388,-21.7721],[150.4351,-21.7701],[150.432,-21.7718]],[[150.2893,-21.7472],[150.2887,-21.7478],[150.29,-21.7485],[150.2893,-21.7472]],[[150.3191,-21.734],[150.319,-21.7328],[150.317,-21.7335],[150.3174,-21.7348],[150.3191,-21.734]],[[150.1262,-21.9379],[150.1201,-21.939],[150.1261,-21.9413],[150.1289,-21.9376],[150.1264,-21.936],[150.1262,-21.9379]],[[150.6866,-21.9461],[150.6847,-21.9483],[150.6839,-21.9534],[150.682,-21.9541],[150.6859,-21.957],[150.6855,-21.9595],[150.6783,-21.9617],[150.6774,-21.9657],[150.6802,-21.9641],[150.6905,-21.9673],[150.6918,-21.9642],[150.6894,-21.9614],[150.6894,-21.9575],[150.6912,-21.9573],[150.6913,-21.9535],[150.6983,-21.9547],[150.6965,-21.9511],[150.6927,-21.9517],[150.6898,-21.9495],[150.6902,-21.9471],[150.6866,-21.9461]],[[150.702,-21.9512],[150.7009,-21.9532],[150.7023,-21.9526],[150.702,-21.9512]],[[150.1458,-21.9666],[150.1433,-21.9656],[150.1436,-21.9633],[150.1454,-21.9629],[150.1429,-21.9622],[150.1431,-21.9599],[150.1448,-21.9589],[150.1504,-21.961],[150.1467,-21.9581],[150.1417,-21.9569],[150.1398,-21.9588],[150.1396,-21.9652],[150.1429,-21.9702],[150.1432,-21.9751],[150.1399,-21.9775],[150.1427,-21.9797],[150.1478,-21.9789],[150.144,-21.9721],[150.1458,-21.9666]],[[150.1551,-21.9702],[150.1574,-21.9701],[150.1551,-21.9681],[150.1551,-21.9702]],[[150.179,-21.9697],[150.1766,-21.9705],[150.1762,-21.9738],[150.1714,-21.9723],[150.1687,-21.9755],[150.16,-21.9772],[150.1516,-21.9713],[150.1516,-21.9753],[150.1547,-21.98],[150.1609,-21.9794],[150.1651,-21.9855],[150.1646,-21.9882],[150.1669,-21.9896],[150.1658,-21.9922],[150.1681,-21.994],[150.1671,-21.9954],[150.1692,-21.9967],[150.1699,-22.0001],[150.1679,-22.0047],[150.172,-22.0022],[150.1741,-22.0027],[150.1748,-21.9999],[150.178,-22.0012],[150.1802,-21.9996],[150.1819,-21.9925],[150.1812,-21.9899],[150.1781,-21.9888],[150.1802,-21.9858],[150.1784,-21.982],[150.1856,-21.9803],[150.1864,-21.9777],[150.1818,-21.9741],[150.1836,-21.9724],[150.1817,-21.9701],[150.179,-21.9697]],[[150.3819,-21.9725],[150.3836,-21.9713],[150.3807,-21.9702],[150.3819,-21.9725]],[[150.1942,-21.9785],[150.1956,-21.9775],[150.1946,-21.9774],[150.1942,-21.9785]],[[150.586,-21.9812],[150.5852,-21.9841],[150.587,-21.9842],[150.5879,-21.9815],[150.586,-21.9812]],[[150.1899,-21.982],[150.1888,-21.9818],[150.1885,-21.983],[150.1899,-21.982]],[[150.6674,-21.9893],[150.6682,-21.9914],[150.6719,-21.9926],[150.6682,-21.9883],[150.6674,-21.9893]],[[150.376,-22.0003],[150.3778,-22.0003],[150.3818,-22.0047],[150.385,-22.0035],[150.3815,-21.9998],[150.379,-22.0003],[150.3773,-21.9972],[150.376,-21.9976],[150.376,-22.0003]],[[150.6446,-22.0032],[150.6422,-22.0075],[150.6437,-22.0102],[150.6463,-22.0107],[150.6479,-22.0093],[150.6457,-22.0078],[150.6464,-22.0023],[150.6446,-22.0032]],[[150.3854,-22.0111],[150.3834,-22.0097],[150.3826,-22.0125],[150.384,-22.0156],[150.3873,-22.0163],[150.3882,-22.0138],[150.3854,-22.0111]],[[150.3694,-22.0164],[150.3669,-22.0115],[150.3646,-22.0148],[150.3602,-22.0133],[150.3594,-22.0145],[150.3672,-22.023],[150.3713,-22.0253],[150.3745,-22.0222],[150.3694,-22.0164]],[[150.302,-22.0232],[150.2989,-22.0239],[150.2959,-22.0218],[150.2934,-22.0241],[150.29,-22.0243],[150.2924,-22.0279],[150.2942,-22.0281],[150.298,-22.026],[150.3037,-22.0257],[150.302,-22.0232]],[[150.6478,-22.0278],[150.6495,-22.0286],[150.6495,-22.027],[150.6482,-22.0264],[150.6478,-22.0278]],[[150.165,-22.0135],[150.1642,-22.0106],[150.163,-22.0111],[150.1636,-22.0134],[150.165,-22.0135]],[[150.3754,-22.0098],[150.3796,-22.0083],[150.3794,-22.006],[150.3756,-22.0079],[150.3754,-22.0098]],[[150.1323,-22.0014],[150.136,-22.0013],[150.1399,-21.997],[150.1361,-21.9949],[150.1382,-21.9925],[150.1312,-21.9871],[150.1283,-21.9865],[150.1277,-21.9913],[150.1241,-21.9951],[150.1254,-22.0006],[150.1299,-22.0027],[150.1323,-22.0014]],[[150.1429,-21.9929],[150.1441,-21.9928],[150.1425,-21.9921],[150.1429,-21.9929]],[[150.1438,-21.9967],[150.1448,-21.9968],[150.1446,-21.9955],[150.1438,-21.9967]],[[150.155,-21.9828],[150.1536,-21.9832],[150.1541,-21.9845],[150.155,-21.9828]],[[150.1434,-21.9822],[150.1426,-21.9816],[150.1422,-21.9827],[150.1434,-21.9822]],[[150.1341,-21.9537],[150.1326,-21.9543],[150.134,-21.9562],[150.1341,-21.9537]],[[150.1262,-21.9509],[150.1276,-21.9505],[150.1274,-21.9489],[150.1262,-21.9509]],[[150.1202,-21.9489],[150.1205,-21.9479],[150.1182,-21.9467],[150.1202,-21.9489]],[[150.6494,-22.0314],[150.6504,-22.0311],[150.6494,-22.0305],[150.6494,-22.0314]],[[150.4517,-22.0323],[150.4506,-22.0317],[150.4491,-22.0335],[150.4484,-22.0393],[150.4495,-22.0401],[150.4529,-22.037],[150.4517,-22.0323]],[[149.9757,-22.0349],[149.9745,-22.0339],[149.9694,-22.0366],[149.9723,-22.038],[149.9757,-22.0349]],[[150.0981,-22.0471],[150.0987,-22.0465],[150.0982,-22.0454],[150.0981,-22.0471]],[[149.9893,-22.0525],[149.9871,-22.0559],[149.9893,-22.0591],[149.9917,-22.0552],[149.9893,-22.0525]],[[150.6718,-22.0888],[150.6695,-22.0933],[150.6708,-22.0947],[150.674,-22.0945],[150.6744,-22.0913],[150.677,-22.0903],[150.6763,-22.0882],[150.6726,-22.0834],[150.6692,-22.0825],[150.6718,-22.0888]],[[150.0081,-22.1033],[150.0056,-22.1061],[150.003,-22.105],[150.0019,-22.1061],[150.0018,-22.1109],[150.0051,-22.1163],[150.0008,-22.1225],[149.9969,-22.1194],[149.9959,-22.1155],[149.9922,-22.1132],[149.9883,-22.1174],[149.9816,-22.1165],[149.9744,-22.121],[149.9744,-22.1235],[149.9716,-22.1267],[149.9712,-22.1338],[149.9633,-22.1354],[149.9619,-22.1328],[149.9547,-22.1329],[149.9498,-22.1351],[149.947,-22.1402],[149.9368,-22.146],[149.9335,-22.1521],[149.9403,-22.1616],[149.9451,-22.1608],[149.9406,-22.1627],[149.9451,-22.1719],[149.9511,-22.169],[149.9507,-22.1669],[149.9529,-22.1681],[149.9767,-22.1588],[149.9853,-22.1442],[149.9989,-22.1361],[150.0036,-22.1357],[150.0096,-22.1279],[150.0128,-22.129],[150.0212,-22.127],[150.0236,-22.1231],[150.0227,-22.12],[150.0116,-22.1158],[150.0137,-22.1101],[150.0239,-22.1127],[150.0338,-22.1102],[150.0351,-22.1113],[150.0343,-22.1147],[150.0399,-22.1133],[150.0411,-22.1115],[150.0379,-22.1067],[150.0319,-22.1075],[150.0289,-22.1104],[150.0249,-22.1111],[150.0209,-22.1074],[150.0156,-22.1079],[150.0113,-22.1009],[150.0081,-22.1033]],[[149.9365,-22.1639],[149.9311,-22.1557],[149.9297,-22.1587],[149.9316,-22.1653],[149.9358,-22.1667],[149.9365,-22.1639]],[[149.9427,-22.1342],[149.9392,-22.1355],[149.9364,-22.1395],[149.9369,-22.1413],[149.9432,-22.1382],[149.9427,-22.1342]],[[149.9225,-22.1828],[149.9222,-22.1878],[149.9186,-22.1959],[149.9198,-22.198],[149.9321,-22.1892],[149.9307,-22.18],[149.9263,-22.1743],[149.9225,-22.1828]],[[149.9211,-22.1833],[149.9129,-22.1871],[149.91,-22.1832],[149.9103,-22.175],[149.9048,-22.1755],[149.9027,-22.1729],[149.8974,-22.1744],[149.8863,-22.1856],[149.8844,-22.195],[149.8797,-22.2033],[149.88,-22.2056],[149.8721,-22.2124],[149.872,-22.2156],[149.8666,-22.2209],[149.867,-22.2235],[149.8728,-22.2273],[149.8832,-22.2299],[149.89,-22.2348],[149.8957,-22.2355],[149.9011,-22.2336],[149.9113,-22.2212],[149.9157,-22.2055],[149.9188,-22.2015],[149.9168,-22.2005],[149.9212,-22.1876],[149.9211,-22.1833]],[[149.9332,-22.2062],[149.9345,-22.2059],[149.934,-22.2013],[149.9323,-22.2022],[149.9332,-22.2062]],[[149.9386,-22.2245],[149.9407,-22.2218],[149.9412,-22.212],[149.937,-22.2183],[149.9386,-22.2245]],[[149.9092,-22.2301],[149.8967,-22.2493],[149.8985,-22.261],[149.9019,-22.2585],[149.9041,-22.2594],[149.9084,-22.2582],[149.9129,-22.2522],[149.9138,-22.2429],[149.9165,-22.2362],[149.9138,-22.2283],[149.9123,-22.2275],[149.9092,-22.2301]],[[149.9292,-22.2588],[149.9288,-22.2604],[149.9303,-22.2611],[149.9313,-22.2574],[149.9296,-22.257],[149.9292,-22.2588]],[[149.8947,-22.2617],[149.8944,-22.2544],[149.8912,-22.2548],[149.8929,-22.2577],[149.8925,-22.2627],[149.8947,-22.2617]],[[149.8916,-22.2567],[149.8902,-22.2552],[149.8778,-22.2546],[149.8853,-22.264],[149.8923,-22.2621],[149.8916,-22.2567]],[[149.8904,-22.2639],[149.8867,-22.2662],[149.8902,-22.2694],[149.893,-22.2649],[149.8904,-22.2639]],[[149.8854,-22.2541],[149.893,-22.2528],[149.8937,-22.2485],[149.8856,-22.2362],[149.8782,-22.2351],[149.8764,-22.238],[149.877,-22.2486],[149.8804,-22.2523],[149.8854,-22.2541]],[[149.8995,-22.236],[149.8903,-22.2375],[149.8936,-22.2442],[149.8988,-22.2414],[149.9013,-22.2365],[149.8995,-22.236]],[[149.8915,-22.2368],[149.8892,-22.2363],[149.8901,-22.2369],[149.8915,-22.2368]],[[149.9024,-22.2341],[149.9016,-22.2349],[149.902,-22.2354],[149.9024,-22.2341]],[[149.8737,-22.2305],[149.8694,-22.231],[149.874,-22.2323],[149.8758,-22.2315],[149.8737,-22.2305]],[[149.8778,-22.2041],[149.8726,-22.2038],[149.8754,-22.2088],[149.8778,-22.2041]],[[150.0269,-22.1461],[150.0283,-22.1462],[150.0289,-22.1456],[150.0269,-22.1461]],[[150.3589,-22.1903],[150.3598,-22.1886],[150.3581,-22.1865],[150.3589,-22.1903]],[[150.3629,-22.1919],[150.3641,-22.1917],[150.3638,-22.191],[150.3629,-22.1919]],[[150.3581,-22.1943],[150.3621,-22.1949],[150.3591,-22.1933],[150.3581,-22.1943]],[[150.4387,-22.2038],[150.4363,-22.2048],[150.4394,-22.2053],[150.4387,-22.2038]],[[150.3734,-22.2065],[150.3732,-22.2049],[150.3726,-22.2063],[150.3745,-22.2073],[150.3734,-22.2065]],[[150.4723,-22.2072],[150.473,-22.2059],[150.4725,-22.206],[150.4723,-22.2072]],[[150.4381,-22.2144],[150.4379,-22.2153],[150.4392,-22.2149],[150.4381,-22.2144]],[[150.4138,-22.2147],[150.4127,-22.2152],[150.4133,-22.2157],[150.4138,-22.2147]],[[150.3708,-22.2154],[150.3697,-22.2158],[150.3715,-22.2165],[150.3708,-22.2154]],[[150.4209,-22.2198],[150.4221,-22.2207],[150.422,-22.2194],[150.4209,-22.2198]],[[150.4158,-22.2205],[150.4144,-22.2212],[150.4153,-22.2216],[150.4158,-22.2205]],[[150.2677,-22.2258],[150.2611,-22.2272],[150.2621,-22.2287],[150.2713,-22.2317],[150.2754,-22.2292],[150.2724,-22.2262],[150.2677,-22.2258]],[[150.3308,-22.2277],[150.3328,-22.2281],[150.3327,-22.2253],[150.3308,-22.2277]],[[150.3338,-22.2272],[150.3349,-22.2273],[150.3334,-22.2257],[150.3338,-22.2272]],[[150.3345,-22.2306],[150.3354,-22.2308],[150.3347,-22.2291],[150.3345,-22.2306]],[[150.2875,-22.2309],[150.2866,-22.2316],[150.2875,-22.2316],[150.2875,-22.2309]],[[150.314,-22.2331],[150.31,-22.2365],[150.2971,-22.2389],[150.2981,-22.2443],[150.3035,-22.2483],[150.3079,-22.2459],[150.321,-22.2447],[150.3238,-22.2351],[150.314,-22.2331]],[[150.29,-22.2366],[150.2885,-22.2358],[150.2889,-22.2367],[150.29,-22.2366]],[[150.2283,-22.2868],[150.231,-22.287],[150.2287,-22.2846],[150.2283,-22.2868]]]},"properties":{"id":"gbrmpa-zone-755","type":"Habitat Protection Zone","zone":"Dark Blue Zone","color":"#3f6fb0","name":"HP-21-5258","permit":"Northumberland Island Reefs","source":"GBRMPA"}},{"type":"Feature","geometry":{"type":"Polygon","coordinates":[[[151.64,-23.67],[151.65,-23.69],[151.62,-23.7],[151.6,-23.69],[151.6,-23.67],[151.62,-23.66],[151.64,-23.67]]]},"properties":{"id":"gbrmpa-zone-20","type":"Habitat Protection Zone","zone":"Dark Blue Zone","color":"#3f6fb0","name":"HP-23-5365","permit":"Rock Cod Shoal (23-072)","source":"GBRMPA"}},{"type":"Feature","geometry":{"type":"Polygon","coordinates":[[[150.978,-23.205],[150.978,-23.22],[150.963,-23.22],[150.963,-23.205],[150.978,-23.205]],[[150.9711,-23.2108],[150.9687,-23.2133],[150.9667,-23.2126],[150.9644,-23.2169],[150.9703,-23.2172],[150.9725,-23.2187],[150.9743,-23.2163],[150.9765,-23.2173],[150.9738,-23.2108],[150.9752,-23.209],[150.9732,-23.2076],[150.9711,-23.2108]]]},"properties":{"id":"gbrmpa-zone-68","type":"Conservation Park Zone","zone":"Yellow Zone","color":"#e8c23f","name":"CP-23-4103","permit":"Humpy Island Reef (23-016)","source":"GBRMPA"}},{"type":"Feature","geometry":{"type":"Polygon","coordinates":[[[150.5294,-22.3759],[150.5287,-22.376],[150.529,-22.3749],[150.5294,-22.3759]]]},"properties":{"id":"gbrmpa-zone-707","type":"Commonwealth Islands Zone (Other)","zone":"Commonwealth Island","color":"#9aa7ad","name":"Triangular Islands (22077104)","permit":null,"source":"GBRMPA"}},{"type":"Feature","geometry":{"type":"Polygon","coordinates":[[[151.7959,-23.485],[151.7959,-23.5146],[151.75,-23.5146],[151.75,-23.485],[151.7959,-23.485]],[[151.7712,-23.5033],[151.773,-23.5027],[151.7715,-23.5025],[151.7712,-23.5033]]]},"properties":{"id":"gbrmpa-zone-28","type":"Marine National Park Zone","zone":"Green Zone","color":"#2fae5a","name":"MNP-23-1165","permit":"Erskine Island Reef (23-068)","source":"GBRMPA"}},{"type":"Feature","geometry":{"type":"Polygon","coordinates":[[[150.2293,-22.3084],[150.2276,-22.3078],[150.2285,-22.3054],[150.2306,-22.3083],[150.2293,-22.3084]]]},"properties":{"id":"gbrmpa-zone-661","type":"Commonwealth Islands Zone (Other)","zone":"Commonwealth Island","color":"#9aa7ad","name":"Clara Island (22038100)","permit":null,"source":"GBRMPA"}},{"type":"Feature","geometry":{"type":"Polygon","coordinates":[[[150.7962,-23.1634],[150.7946,-23.1665],[150.7964,-23.1768],[150.8014,-23.1801],[150.8015,-23.1837],[150.8186,-23.2196],[150.8186,-23.2212],[150.8164,-23.2217],[150.813,-23.226],[150.8084,-23.2276],[150.802,-23.2264],[150.7992,-23.2243],[150.7927,-23.215],[150.7897,-23.207],[150.7933,-23.201],[150.7931,-23.187],[150.795,-23.1848],[150.7985,-23.1845],[150.8,-23.182],[150.7994,-23.1789],[150.7949,-23.1784],[150.7925,-23.175],[150.7915,-23.1652],[150.7962,-23.1634]]]},"properties":{"id":"gbrmpa-zone-74","type":"Conservation Park Zone","zone":"Yellow Zone","color":"#e8c23f","name":"CP-23-4115","permit":"Double Head to Shoal Bay","source":"GBRMPA"}},{"type":"Feature","geometry":{"type":"Polygon","coordinates":[[[150.7623,-22.4464],[150.7667,-22.4478],[150.7667,-22.4493],[150.7604,-22.4493],[150.7604,-22.4464],[150.7623,-22.4464]],[[150.7639,-22.4491],[150.764,-22.4481],[150.7622,-22.4475],[150.7639,-22.4491]]]},"properties":{"id":"gbrmpa-zone-57","type":"Habitat Protection Zone","zone":"Dark Blue Zone","color":"#3f6fb0","name":"HP-22-5387","permit":"Delcomyn Island Reef (22-082)","source":"GBRMPA"}},{"type":"Feature","geometry":{"type":"Polygon","coordinates":[[[150.7272,-22.3277],[150.781,-22.4493],[150.7667,-22.4493],[150.7667,-22.4478],[150.7623,-22.4464],[150.7604,-22.4464],[150.7604,-22.4493],[150.7543,-22.4493],[150.7529,-22.4459],[150.7422,-22.4452],[150.7409,-22.4421],[150.7393,-22.4437],[150.7379,-22.4408],[150.7363,-22.4425],[150.737,-22.4467],[150.7301,-22.4472],[150.7213,-22.4428],[150.7188,-22.444],[150.7089,-22.4392],[150.7032,-22.4393],[150.6931,-22.4307],[150.6875,-22.4128],[150.6843,-22.3952],[150.6837,-22.3873],[150.6863,-22.3823],[150.6863,-22.3768],[150.6785,-22.3749],[150.6784,-22.3718],[150.6806,-22.3706],[150.6789,-22.3677],[150.681,-22.3665],[150.6807,-22.3646],[150.6768,-22.3613],[150.6762,-22.3561],[150.6722,-22.3582],[150.6695,-22.3568],[150.6709,-22.3534],[150.6685,-22.3516],[150.6695,-22.3502],[150.6684,-22.3486],[150.6698,-22.3481],[150.668,-22.3461],[150.7258,-22.3244],[150.7272,-22.3277]],[[150.7211,-22.4313],[150.7289,-22.442],[150.7354,-22.4401],[150.7407,-22.4355],[150.7407,-22.4317],[150.7339,-22.4202],[150.7259,-22.4202],[150.7211,-22.4313]],[[150.708,-22.3428],[150.7168,-22.3428],[150.7228,-22.3399],[150.7238,-22.3365],[150.7226,-22.3325],[150.7156,-22.3325],[150.708,-22.3359],[150.708,-22.3428]],[[150.7438,-22.4154],[150.7489,-22.4155],[150.7505,-22.4107],[150.7411,-22.4013],[150.7378,-22.404],[150.7438,-22.4154]],[[150.6817,-22.3586],[150.6827,-22.3585],[150.6823,-22.3574],[150.6817,-22.3586]]]},"properties":{"id":"gbrmpa-zone-206","type":"General Use Zone","zone":"Light Blue Zone","color":"#7fc3dd","name":"GU-22-6018","permit":null,"source":"GBRMPA"}},{"type":"Feature","geometry":{"type":"Polygon","coordinates":[[[150.5218,-22.3661],[150.5222,-22.3696],[150.5256,-22.3697],[150.5253,-22.3717],[150.5296,-22.3734],[150.527,-22.3767],[150.5227,-22.3725],[150.5171,-22.3747],[150.5159,-22.372],[150.5185,-22.3686],[150.5176,-22.3668],[150.5218,-22.3661]]]},"properties":{"id":"gbrmpa-zone-704","type":"Commonwealth Islands Zone (Other)","zone":"Commonwealth Island","color":"#9aa7ad","name":"Triangular Islands (22077101)","permit":null,"source":"GBRMPA"}},{"type":"Feature","geometry":{"type":"Polygon","coordinates":[[[150.743,-22.4058],[150.7401,-22.4039],[150.7417,-22.4037],[150.743,-22.4058]]]},"properties":{"id":"gbrmpa-zone-700","type":"Commonwealth Islands Zone (Other)","zone":"Commonwealth Island","color":"#9aa7ad","name":"Split Island (22079100)","permit":null,"source":"GBRMPA"}},{"type":"Feature","geometry":{"type":"Polygon","coordinates":[[[151.0872,-23.0532],[151.0872,-23.1089],[150.9779,-23.1089],[150.9779,-23.1187],[150.9139,-23.1187],[150.9139,-23.0873],[150.9117,-23.0831],[150.9144,-23.0804],[150.909,-23.077],[150.903,-23.0667],[150.8986,-23.064],[150.8992,-23.0561],[150.8952,-23.0532],[150.9406,-23.0532],[150.9406,-23.0707],[150.9755,-23.0707],[150.9755,-23.0813],[151.0097,-23.0813],[151.0097,-23.0532],[151.0872,-23.0532]]]},"properties":{"id":"gbrmpa-zone-4","type":"Marine National Park Zone","zone":"Green Zone","color":"#2fae5a","name":"MNP-23-1155","permit":"North Keppel Island - eastern side","source":"GBRMPA"}},{"type":"Feature","geometry":{"type":"Polygon","coordinates":[[[151.7161,-23.2955],[151.7161,-23.3225],[151.6991,-23.3244],[151.6991,-23.2994],[151.7014,-23.3009],[151.7081,-23.3006],[151.7161,-23.2955]]]},"properties":{"id":"gbrmpa-zone-61","type":"Marine National Park Zone","zone":"Green Zone","color":"#2fae5a","name":"MNP-23-1163","permit":"North West Island Reef (23-049) - southern side","source":"GBRMPA"}},{"type":"Feature","geometry":{"type":"Polygon","coordinates":[[[150.7964,-22.9171],[150.8074,-22.9282],[150.8086,-22.9333],[150.8002,-22.9499],[150.7828,-22.9638],[150.7768,-23.0183],[150.7757,-23.0551],[150.801,-23.1552],[150.7676,-23.1551],[150.7632,-23.1423],[150.7606,-23.142],[150.7577,-23.1388],[150.7509,-23.1369],[150.75,-23.1205],[150.7548,-23.0986],[150.7685,-23.0678],[150.7717,-23.057],[150.7719,-23.0191],[150.776,-22.9941],[150.7782,-22.9644],[150.7748,-22.9585],[150.791,-22.9438],[150.7936,-22.9441],[150.7923,-22.9413],[150.7929,-22.9356],[150.7964,-22.935],[150.7966,-22.9333],[150.7998,-22.9333],[150.7988,-22.931],[150.7932,-22.9288],[150.7921,-22.9246],[150.7887,-22.9256],[150.7864,-22.9193],[150.7878,-22.8769],[150.7913,-22.8561],[150.7924,-22.8521],[150.797,-22.8521],[150.7905,-22.8959],[150.7905,-22.9158],[150.7964,-22.9171]]]},"properties":{"id":"gbrmpa-zone-10","type":"Conservation Park Zone","zone":"Yellow Zone","color":"#e8c23f","name":"CP-22-4099","permit":"Yeppoon/Corio Bay coastal area","source":"GBRMPA"}},{"type":"Feature","geometry":{"type":"Polygon","coordinates":[[[150.279,-22.3464],[150.2839,-22.3518],[150.2801,-22.3516],[150.2783,-22.3491],[150.2727,-22.3521],[150.2654,-22.3689],[150.2624,-22.3715],[150.2605,-22.3642],[150.2563,-22.363],[150.2512,-22.3644],[150.2541,-22.3615],[150.2611,-22.3595],[150.2618,-22.3575],[150.2663,-22.3582],[150.27,-22.3545],[150.2704,-22.3512],[150.2736,-22.349],[150.2728,-22.3471],[150.279,-22.3464]]]},"properties":{"id":"gbrmpa-zone-602","type":"Commonwealth Islands Zone (Other)","zone":"Commonwealth Island","color":"#9aa7ad","name":"Akens Island (22067100)","permit":null,"source":"GBRMPA"}},{"type":"Feature","geometry":{"type":"Polygon","coordinates":[[[150.5161,-22.3797],[150.5174,-22.3824],[150.5111,-22.3828],[150.5067,-22.3794],[150.5109,-22.3807],[150.5158,-22.3765],[150.5161,-22.3797]]]},"properties":{"id":"gbrmpa-zone-705","type":"Commonwealth Islands Zone (Other)","zone":"Commonwealth Island","color":"#9aa7ad","name":"Triangular Islands (22077102)","permit":null,"source":"GBRMPA"}},{"type":"Feature","geometry":{"type":"Polygon","coordinates":[[[150.9377,-23.1975],[150.9346,-23.1975],[150.926,-23.1895],[150.9369,-23.1906],[150.9406,-23.1946],[150.9377,-23.1975]]]},"properties":{"id":"gbrmpa-zone-70","type":"Marine National Park Zone","zone":"Green Zone","color":"#2fae5a","name":"MNP-23-1161","permit":"Great Keppel Island - west of Monkey Point","source":"GBRMPA"}},{"type":"Feature","geometry":{"type":"Polygon","coordinates":[[[151.2255,-23.5667],[151.3093,-23.5667],[151.3641,-23.7001],[151.2898,-23.7001],[151.2864,-23.6842],[151.2784,-23.6793],[151.2772,-23.67],[151.2744,-23.6653],[151.2719,-23.6625],[151.2677,-23.6616],[151.2631,-23.6628],[151.2594,-23.6614],[151.2513,-23.6524],[151.2513,-23.6471],[151.2423,-23.6373],[151.2423,-23.6222],[151.2369,-23.6218],[151.2351,-23.6183],[151.2319,-23.6179],[151.2273,-23.6137],[151.2246,-23.5961],[151.2275,-23.5867],[151.2245,-23.5792],[151.2255,-23.5667]]]},"properties":{"id":"gbrmpa-zone-24","type":"Marine National Park Zone","zone":"Green Zone","color":"#2fae5a","name":"MNP-23-1167","permit":"Curtis Island","source":"GBRMPA"}},{"type":"Feature","geometry":{"type":"Polygon","coordinates":[[[150.7988,-22.566],[150.7963,-22.5645],[150.7973,-22.5616],[150.7997,-22.5636],[150.7988,-22.566]]]},"properties":{"id":"gbrmpa-zone-688","type":"Commonwealth Islands Zone (Other)","zone":"Commonwealth Island","color":"#9aa7ad","name":"Quion Island (22149100)","permit":null,"source":"GBRMPA"}},{"type":"Feature","geometry":{"type":"Polygon","coordinates":[[[150.8884,-23.0833],[150.8765,-23.0833],[150.8765,-23.0696],[150.8854,-23.0696],[150.8859,-23.074],[150.8835,-23.0775],[150.8884,-23.0807],[150.8884,-23.0833]]]},"properties":{"id":"gbrmpa-zone-1","type":"Marine National Park Zone","zone":"Green Zone","color":"#2fae5a","name":"MNP-23-1156","permit":"North Keppel Island - south-western side","source":"GBRMPA"}},{"type":"Feature","geometry":{"type":"Polygon","coordinates":[[[150.5423,-22.2666],[150.5393,-22.2669],[150.5392,-22.2647],[150.5426,-22.2656],[150.5423,-22.2666]]]},"properties":{"id":"gbrmpa-zone-691","type":"Commonwealth Islands Zone (Other)","zone":"Commonwealth Island","color":"#9aa7ad","name":"Raynham Island (22073100)","permit":null,"source":"GBRMPA"}},{"type":"Feature","geometry":{"type":"Polygon","coordinates":[[[150.5519,-22.3035],[150.7258,-22.3044],[150.7258,-22.3244],[150.668,-22.3461],[150.6659,-22.349],[150.6606,-22.3501],[150.6596,-22.3516],[150.646,-22.3464],[150.6437,-22.3429],[150.6375,-22.3409],[150.6313,-22.3366],[150.6261,-22.3315],[150.6262,-22.3272],[150.6231,-22.3289],[150.6224,-22.3319],[150.6206,-22.3309],[150.6188,-22.333],[150.6146,-22.3327],[150.6121,-22.3299],[150.6077,-22.3294],[150.607,-22.3327],[150.6036,-22.3346],[150.5992,-22.3332],[150.5989,-22.3293],[150.595,-22.3269],[150.5922,-22.3275],[150.589,-22.3259],[150.5886,-22.3288],[150.5863,-22.3294],[150.5806,-22.3257],[150.5773,-22.3259],[150.5667,-22.316],[150.563,-22.3166],[150.5626,-22.3211],[150.5559,-22.3239],[150.5577,-22.3264],[150.5537,-22.3292],[150.5562,-22.3316],[150.5549,-22.3348],[150.5512,-22.3368],[150.5508,-22.3435],[150.5464,-22.3453],[150.5443,-22.3444],[150.5391,-22.3526],[150.5409,-22.363],[150.5403,-22.3653],[150.538,-22.3661],[150.54,-22.3715],[150.5371,-22.3707],[150.5362,-22.372],[150.5375,-22.3741],[150.5346,-22.3742],[150.5352,-22.3776],[150.5334,-22.3819],[150.5355,-22.3841],[150.5353,-22.3902],[150.5369,-22.3927],[150.5338,-22.3959],[150.5334,-22.3997],[150.5307,-22.4011],[150.4829,-22.4012],[150.4829,-22.3489],[150.4901,-22.3481],[150.4882,-22.3433],[150.4907,-22.3406],[150.4999,-22.3434],[150.5005,-22.3423],[150.4983,-22.3399],[150.5006,-22.3383],[150.5007,-22.3361],[150.5036,-22.3364],[150.5046,-22.3342],[150.5091,-22.3328],[150.5087,-22.3366],[150.5107,-22.3403],[150.5118,-22.338],[150.5154,-22.3373],[150.5146,-22.3355],[150.5159,-22.3342],[150.5226,-22.3334],[150.5161,-22.3274],[150.516,-22.3251],[150.5202,-22.3232],[150.5224,-22.3244],[150.5252,-22.3225],[150.5293,-22.3249],[150.5265,-22.3179],[150.525,-22.3177],[150.5268,-22.3163],[150.5297,-22.3163],[150.5312,-22.319],[150.5344,-22.3194],[150.5354,-22.322],[150.5369,-22.3204],[150.5386,-22.3223],[150.5421,-22.3209],[150.5445,-22.3176],[150.5405,-22.3168],[150.5404,-22.3135],[150.5427,-22.3125],[150.5425,-22.3096],[150.5463,-22.3092],[150.543,-22.3058],[150.5422,-22.3017],[150.5471,-22.2965],[150.5519,-22.3035]],[[150.5213,-22.3659],[150.5176,-22.3668],[150.5185,-22.3686],[150.5159,-22.372],[150.5171,-22.3747],[150.5227,-22.3725],[150.527,-22.3767],[150.5296,-22.3734],[150.5253,-22.3717],[150.5256,-22.3697],[150.5222,-22.3696],[150.5213,-22.3659]],[[150.6606,-22.3389],[150.6631,-22.3349],[150.6611,-22.3319],[150.6593,-22.3325],[150.66,-22.3299],[150.6574,-22.3293],[150.6565,-22.3316],[150.6606,-22.3389]],[[150.5159,-22.377],[150.5109,-22.3807],[150.5068,-22.3797],[150.5108,-22.3827],[150.5174,-22.3824],[150.5153,-22.3786],[150.5159,-22.377]],[[150.5324,-22.3839],[150.5334,-22.3828],[150.5321,-22.3829],[150.5324,-22.3839]],[[150.5288,-22.3761],[150.5296,-22.3755],[150.529,-22.3749],[150.5288,-22.3761]],[[150.5142,-22.3696],[150.5159,-22.3703],[150.5155,-22.3697],[150.5142,-22.3696]]]},"properties":{"id":"gbrmpa-zone-207","type":"Conservation Park Zone","zone":"Yellow Zone","color":"#e8c23f","name":"CP-22-4097","permit":"Cape Clinton: including Triangular Island (22-077), southern side of Townshend Island and Island Head (22-078)","source":"GBRMPA"}},{"type":"Feature","geometry":{"type":"Polygon","coordinates":[[[151.0702,-23.2544],[151.0702,-23.275],[151.1134,-23.275],[151.1134,-23.307],[151.0466,-23.307],[151.0466,-23.2544],[151.0702,-23.2544]]]},"properties":{"id":"gbrmpa-zone-64","type":"Habitat Protection Zone","zone":"Dark Blue Zone","color":"#3f6fb0","name":"HP-23-5356","permit":"Lisa Jane Shoals (23-034)","source":"GBRMPA"}},{"type":"Feature","geometry":{"type":"Polygon","coordinates":[[[150.4634,-22.3403],[150.4624,-22.3377],[150.4647,-22.3332],[150.4634,-22.3403]]]},"properties":{"id":"gbrmpa-zone-697","type":"Commonwealth Islands Zone (Other)","zone":"Commonwealth Island","color":"#9aa7ad","name":"Round Rock (22065104)","permit":null,"source":"GBRMPA"}},{"type":"Feature","geometry":{"type":"Polygon","coordinates":[[[150.7339,-22.4202],[150.7407,-22.4317],[150.7407,-22.4355],[150.7354,-22.4401],[150.7289,-22.442],[150.7211,-22.4313],[150.7259,-22.4202],[150.7339,-22.4202]],[[150.7338,-22.4401],[150.7366,-22.4355],[150.7353,-22.4351],[150.7338,-22.4401]],[[150.729,-22.4318],[150.7312,-22.4303],[150.7295,-22.4299],[150.729,-22.4318]],[[150.731,-22.4255],[150.7311,-22.427],[150.7321,-22.426],[150.731,-22.4255]]]},"properties":{"id":"gbrmpa-zone-58","type":"Habitat Protection Zone","zone":"Dark Blue Zone","color":"#3f6fb0","name":"HP-22-5384","permit":"Unnamed reef 22-081","source":"GBRMPA"}},{"type":"Feature","geometry":{"type":"Polygon","coordinates":[[[151.2867,-23.5079],[151.2867,-23.5667],[151.2255,-23.5667],[151.2355,-23.5292],[151.2356,-23.5088],[151.2867,-23.5079]],[[151.2747,-23.5336],[151.2778,-23.5343],[151.2779,-23.5319],[151.2747,-23.5336]],[[151.271,-23.536],[151.2717,-23.5376],[151.272,-23.536],[151.271,-23.536]]]},"properties":{"id":"gbrmpa-zone-27","type":"Conservation Park Zone","zone":"Yellow Zone","color":"#e8c23f","name":"CP-23-4108","permit":"Curtis Island eastern coastline - Rundle Reef (23-056) and Bass Shoals (23-057)","source":"GBRMPA"}},{"type":"Feature","geometry":{"type":"Polygon","coordinates":[[[150.4392,-22.2149],[150.4379,-22.2153],[150.4381,-22.2144],[150.4392,-22.2149]]]},"properties":{"id":"gbrmpa-zone-708","type":"Commonwealth Islands Zone (Other)","zone":"Commonwealth Island","color":"#9aa7ad","name":"Ripple Islands (22047103)","permit":null,"source":"GBRMPA"}},{"type":"Feature","geometry":{"type":"Polygon","coordinates":[[[150.4604,-22.3448],[150.4597,-22.344],[150.4608,-22.3432],[150.4604,-22.3448]]]},"properties":{"id":"gbrmpa-zone-696","type":"Commonwealth Islands Zone (Other)","zone":"Commonwealth Island","color":"#9aa7ad","name":"Round Rock (22065102)","permit":null,"source":"GBRMPA"}},{"type":"Feature","geometry":{"type":"Polygon","coordinates":[[[150.7879,-22.5554],[150.79,-22.556],[150.7829,-22.6288],[150.7926,-22.6444],[150.7919,-22.6454],[150.7935,-22.6458],[150.7894,-22.6501],[150.7827,-22.6474],[150.7785,-22.6412],[150.775,-22.6194],[150.7799,-22.573],[150.7858,-22.5609],[150.7848,-22.556],[150.7879,-22.5554]]]},"properties":{"id":"gbrmpa-zone-55","type":"Conservation Park Zone","zone":"Yellow Zone","color":"#e8c23f","name":"CP-22-4098","permit":"Freshwater Beach coastal area","source":"GBRMPA"}},{"type":"Feature","geometry":{"type":"Polygon","coordinates":[[[150.2027,-22.3167],[150.2081,-22.318],[150.205,-22.3242],[150.2021,-22.323],[150.2027,-22.3167]]]},"properties":{"id":"gbrmpa-zone-702","type":"Commonwealth Islands Zone (Other)","zone":"Commonwealth Island","color":"#9aa7ad","name":"Swan Island (22062100)","permit":null,"source":"GBRMPA"}},{"type":"Feature","geometry":{"type":"Polygon","coordinates":[[[150.8789,-23.2666],[150.8998,-23.275],[150.9352,-23.275],[150.9352,-23.3124],[150.9,-23.3124],[150.9,-23.2874],[150.8873,-23.2874],[150.8706,-23.2791],[150.8789,-23.2666]],[[150.884,-23.2785],[150.89,-23.2813],[150.893,-23.2808],[150.8885,-23.2789],[150.8858,-23.2748],[150.8826,-23.2765],[150.884,-23.2785]],[[150.9239,-23.3019],[150.9234,-23.3054],[150.9247,-23.3033],[150.9239,-23.3019]],[[150.9223,-23.3],[150.9198,-23.3003],[150.9224,-23.302],[150.9234,-23.3005],[150.9223,-23.3]]]},"properties":{"id":"gbrmpa-zone-63","type":"Habitat Protection Zone","zone":"Dark Blue Zone","color":"#3f6fb0","name":"HP-23-5357","permit":"Wedge Island Reef (23-019) and Divided Island Reef (23-023)","source":"GBRMPA"}},{"type":"Feature","geometry":{"type":"Polygon","coordinates":[[[151.0533,-23.42],[151.0667,-23.4333],[151.0733,-23.4333],[151.0733,-23.4516],[151.0545,-23.4472],[151.04,-23.436],[151.04,-23.42],[151.0533,-23.42]]]},"properties":{"id":"gbrmpa-zone-35","type":"Habitat Protection Zone","zone":"Dark Blue Zone","color":"#3f6fb0","name":"HP-23-5362","permit":"Cape Keppel: Cape Keppel Reef (23-059b), Keppel Rocks (23-058a, b and c)","source":"GBRMPA"}},{"type":"Feature","geometry":{"type":"Polygon","coordinates":[[[151.7058,-22.8995],[151.6151,-22.8995],[151.6151,-22.8089],[151.7058,-22.8089],[151.7058,-22.8995]]]},"properties":{"id":"gbrmpa-zone-12","type":"Marine National Park Zone","zone":"Green Zone","color":"#2fae5a","name":"MNP-22-1153","permit":"Barcoo Bank (22-157)","source":"GBRMPA"}},{"type":"Feature","geometry":{"type":"Polygon","coordinates":[[[151.6437,-23.5929],[151.6387,-23.5929],[151.6039,-23.5596],[151.6039,-23.5333],[151.7,-23.5333],[151.7206,-23.5509],[151.7206,-23.5929],[151.6437,-23.5929]]]},"properties":{"id":"gbrmpa-zone-26","type":"Marine National Park Zone","zone":"Green Zone","color":"#2fae5a","name":"MNP-23-1166","permit":"Irving Reef (23-070) and Polmaise Reef (23-071)","source":"GBRMPA"}},{"type":"Feature","geometry":{"type":"Polygon","coordinates":[[[151.7,-23.485],[151.75,-23.485],[151.75,-23.5146],[151.7959,-23.5146],[151.7959,-23.485],[151.75,-23.485],[151.885,-23.43],[151.885,-23.5648],[151.77,-23.5648],[151.7206,-23.579],[151.7206,-23.5509],[151.7,-23.5333],[151.7,-23.485]],[[151.72,-23.5379],[151.7227,-23.5406],[151.733,-23.5394],[151.7265,-23.5375],[151.72,-23.5379]]]},"properties":{"id":"gbrmpa-zone-32","type":"Conservation Park Zone","zone":"Yellow Zone","color":"#e8c23f","name":"CP-23-4106","permit":"Wistari Reef (23-053) west, Mast Head Island Reef (23-069) and the Cabbage Patch area","source":"GBRMPA"}},{"type":"Feature","geometry":{"type":"Polygon","coordinates":[[[151.9815,-23.2285],[151.9815,-23.2666],[152.1289,-23.4756],[152.0674,-23.4756],[152.0062,-23.4884],[152.0062,-23.5178],[151.96,-23.495],[151.953,-23.4883],[151.953,-23.43],[151.885,-23.43],[151.8335,-23.34],[151.6724,-23.34],[151.6724,-23.2977],[151.7087,-23.2666],[151.84,-23.2666],[151.84,-23.225],[151.9815,-23.2252],[151.9815,-23.2285]],[[151.98,-23.304],[151.927,-23.336],[151.946,-23.363],[151.999,-23.334],[151.98,-23.304]],[[151.9023,-23.2871],[151.9021,-23.3161],[151.9366,-23.316],[151.9366,-23.287],[151.9023,-23.2871]],[[151.7161,-23.3225],[151.7159,-23.2945],[151.7118,-23.2925],[151.7074,-23.2927],[151.6991,-23.2994],[151.6991,-23.3244],[151.7161,-23.3225]],[[151.9336,-23.2645],[151.9359,-23.2644],[151.9339,-23.2606],[151.9325,-23.2612],[151.9336,-23.2645]]]},"properties":{"id":"gbrmpa-zone-66","type":"Conservation Park Zone","zone":"Yellow Zone","color":"#e8c23f","name":"CP-23-4104","permit":"Northern Capricorn Bunker Group: including northern North West Island (23-049), Broomfield (23-048), Wilson (23-050) and Sykes (23-054) Reefs","source":"GBRMPA"}},{"type":"Feature","geometry":{"type":"Polygon","coordinates":[[[150.9787,-23.1845],[150.9808,-23.1847],[150.9854,-23.1914],[150.9889,-23.1931],[150.9889,-23.2023],[150.973,-23.2023],[150.973,-23.1983],[150.9703,-23.1966],[150.9709,-23.1861],[150.9722,-23.1847],[150.9787,-23.1845]]]},"properties":{"id":"gbrmpa-zone-72","type":"Marine National Park Zone","zone":"Green Zone","color":"#2fae5a","name":"MNP-23-1159","permit":"Halfway Island to Great Keppel Island","source":"GBRMPA"}},{"type":"Feature","geometry":{"type":"Polygon","coordinates":[[[151.0097,-23.0532],[151.0097,-23.0813],[150.9755,-23.0813],[150.9755,-23.0707],[150.9406,-23.0707],[150.9406,-23.0532],[151.0097,-23.0532]]]},"properties":{"id":"gbrmpa-zone-3","type":"Conservation Park Zone","zone":"Yellow Zone","color":"#e8c23f","name":"CP-23-4100","permit":"Outer Rock area","source":"GBRMPA"}},{"type":"Feature","geometry":{"type":"Polygon","coordinates":[[[150.422,-22.2207],[150.4213,-22.2194],[150.4222,-22.2196],[150.422,-22.2207]]]},"properties":{"id":"gbrmpa-zone-693","type":"Commonwealth Islands Zone (Other)","zone":"Commonwealth Island","color":"#9aa7ad","name":"Ripple Islands (22047102)","permit":null,"source":"GBRMPA"}},{"type":"Feature","geometry":{"type":"Polygon","coordinates":[[[150.8533,-22.68],[150.8533,-22.6933],[150.8334,-22.6933],[150.8334,-22.6846],[150.8348,-22.6839],[150.8334,-22.6838],[150.8334,-22.68],[150.8533,-22.68]],[[150.8443,-22.6836],[150.8403,-22.6858],[150.8476,-22.6852],[150.8443,-22.6836]]]},"properties":{"id":"gbrmpa-zone-15","type":"Habitat Protection Zone","zone":"Dark Blue Zone","color":"#3f6fb0","name":"HP-22-5341","permit":"Cape Manifold (22-813)","source":"GBRMPA"}},{"type":"Feature","geometry":{"type":"Polygon","coordinates":[[[150.9456,-23.1933],[150.9456,-23.1999],[150.9373,-23.1999],[150.9346,-23.1975],[150.9438,-23.1978],[150.9429,-23.1951],[150.9456,-23.1933]]]},"properties":{"id":"gbrmpa-zone-69","type":"Habitat Protection Zone","zone":"Dark Blue Zone","color":"#3f6fb0","name":"HP-23-5353","permit":"Great Keppel Island - Monkey Point","source":"GBRMPA"}},{"type":"Feature","geometry":{"type":"Polygon","coordinates":[[[150.7309,-22.4313],[150.7273,-22.4329],[150.7295,-22.4299],[150.7309,-22.4313]]]},"properties":{"id":"gbrmpa-zone-710","type":"Commonwealth Islands Zone (Other)","zone":"Commonwealth Island","color":"#9aa7ad","name":"U/N Island (22081102)","permit":null,"source":"GBRMPA"}},{"type":"Feature","geometry":{"type":"Polygon","coordinates":[[[150.9963,-22.7237],[151.0067,-22.7337],[151.0067,-22.74],[150.9933,-22.74],[150.9867,-22.7333],[150.9867,-22.7237],[150.9963,-22.7237]],[[150.9945,-22.7337],[150.9981,-22.735],[150.9955,-22.7316],[150.9968,-22.7303],[150.9938,-22.7279],[150.9932,-22.729],[150.9913,-22.7257],[150.9904,-22.7275],[150.9945,-22.7337]]]},"properties":{"id":"gbrmpa-zone-14","type":"Habitat Protection Zone","zone":"Dark Blue Zone","color":"#3f6fb0","name":"HP-22-5342","permit":"Flat Island Reef (22-153)","source":"GBRMPA"}},{"type":"Feature","geometry":{"type":"Polygon","coordinates":[[[151.1647,-23.3949],[151.1647,-23.3994],[151.1585,-23.4067],[151.1557,-23.408],[151.1516,-23.408],[151.1411,-23.4022],[151.1394,-23.3978],[151.1424,-23.3956],[151.1607,-23.3934],[151.1647,-23.3949]],[[151.1609,-23.3957],[151.1573,-23.396],[151.1549,-23.4002],[151.1437,-23.398],[151.1556,-23.4059],[151.1572,-23.4025],[151.162,-23.4],[151.163,-23.3966],[151.1609,-23.3957]]]},"properties":{"id":"gbrmpa-zone-37","type":"Habitat Protection Zone","zone":"Dark Blue Zone","color":"#3f6fb0","name":"HP-23-5386","permit":"Hummocky Island Reef (23-036)","source":"GBRMPA"}},{"type":"Feature","geometry":{"type":"Polygon","coordinates":[[[150.2307,-22.2873],[150.2283,-22.2868],[150.228,-22.285],[150.2291,-22.2846],[150.2307,-22.2873]]]},"properties":{"id":"gbrmpa-zone-684","type":"Commonwealth Islands Zone (Other)","zone":"Commonwealth Island","color":"#9aa7ad","name":"Osborn Island (22056100)","permit":null,"source":"GBRMPA"}},{"type":"Feature","geometry":{"type":"Polygon","coordinates":[[[150.4387,-22.2038],[150.4394,-22.2053],[150.4363,-22.2048],[150.4387,-22.2038]]]},"properties":{"id":"gbrmpa-zone-692","type":"Commonwealth Islands Zone (Other)","zone":"Commonwealth Island","color":"#9aa7ad","name":"Ripple Islands (22047101)","permit":null,"source":"GBRMPA"}}]}